id,first_name,last_name,email,gender,ip_address
1,Maible,Ca,mca0@tmall.com,Female,197.22.52.79
2,Sandi,Guerola,sguerola1@soup.io,Female,233.210.213.235
3,Clarissa,Dee,cdee2@multiply.com,Female,86.229.50.178
4,Eula,Moryson,emoryson3@indiegogo.com,Female,155.87.72.40
5,Letisha,Stollberg,lstollberg4@gnu.org,Female,18.243.135.67
6,Mersey,Brigham,mbrigham5@stanford.edu,Female,96.55.45.121
7,Marjy,Georg,mgeorg6@mozilla.org,Female,126.191.136.168
8,Nehemiah,Dennant,ndennant7@ucla.edu,Male,247.182.36.67
9,Alphonso,Sarton,asarton8@engadget.com,Male,60.169.250.173
10,Byrann,Chicchetto,bchicchetto9@nytimes.com,Male,75.47.172.237
11,Meta,McPhelim,mmcphelima@nba.com,Female,2.126.99.185
12,Emmie,Wawer,ewawerb@prweb.com,Female,39.94.231.154
13,Hamid,Fick,hfickc@reuters.com,Male,149.170.135.145
14,Baryram,Paradine,bparadined@chron.com,Male,175.185.118.54
15,Ludwig,Northcliffe,lnorthcliffee@unblog.fr,Male,160.15.206.149
16,May,Toretta,mtorettaf@creativecommons.org,Female,18.203.186.3
17,Hamish,MacDermott,hmacdermottg@google.es,Male,4.37.122.117
18,Donalt,Ferronet,dferroneth@blogtalkradio.com,Male,6.71.63.210
19,Bea,Zellner,bzellneri@linkedin.com,Female,123.74.46.150
20,Vale,Cantwell,vcantwellj@ameblo.jp,Male,117.127.55.91
21,Terri,Sineath,tsineathk@instagram.com,Female,149.63.34.233
22,Wallis,Josh,wjoshl@soup.io,Female,98.233.195.171
23,Dorthea,Coppen,dcoppenm@newsvine.com,Female,42.63.38.79
24,Janeczka,Styant,jstyantn@umn.edu,Female,12.79.149.240
25,Anatole,Millichip,amillichipo@arizona.edu,Male,213.69.232.41
26,Lorie,Pantridge,lpantridgep@topsy.com,Female,215.202.192.240
27,Leanna,Fautly,lfautlyq@imdb.com,Female,209.161.232.62
28,Julita,Cluet,jcluetr@timesonline.co.uk,Female,219.110.71.212
29,Sky,Hagley,shagleys@cocolog-nifty.com,Male,188.87.136.31
30,Bellanca,Ditts,bdittst@bing.com,Female,243.102.222.137
31,Noelani,Symington,nsymingtonu@apple.com,Female,247.5.71.183
32,Nanine,Hitscher,nhitscherv@ftc.gov,Female,136.7.119.28
33,Kerr,Mertel,kmertelw@msu.edu,Male,180.47.32.23
34,Brianne,Hodjetts,bhodjettsx@cmu.edu,Female,15.210.97.215
35,Clea,Hacquard,chacquardy@github.io,Female,113.225.109.203
36,Rock,Rabb,rrabbz@github.io,Male,231.138.89.183
37,Faulkner,Lynagh,flynagh10@spotify.com,Male,124.140.130.57
38,Ariela,Santarelli,asantarelli11@si.edu,Female,134.64.31.225
39,Rozele,Pasquale,rpasquale12@last.fm,Female,10.177.48.13
40,Marshall,Trahear,mtrahear13@eventbrite.com,Male,199.142.109.252
41,Rubia,Ferier,rferier14@stumbleupon.com,Female,121.174.254.207
42,Germain,Ivanikov,givanikov15@rambler.ru,Male,222.153.18.230
43,Eberhard,McCowan,emccowan16@dmoz.org,Male,123.157.87.40
44,Tam,Hollyard,thollyard17@alexa.com,Male,124.125.86.8
45,Linnea,Bambury,lbambury18@ifeng.com,Female,122.54.249.147
46,Shauna,Ellicombe,sellicombe19@epa.gov,Female,202.23.40.16
47,Zonnya,Fumagall,zfumagall1a@soundcloud.com,Female,164.1.85.140
48,Rad,Stubbert,rstubbert1b@bing.com,Male,6.253.78.123
49,Cesare,Somers,csomers1c@sphinn.com,Male,225.123.94.70
50,Freddy,Kilshall,fkilshall1d@posterous.com,Female,158.130.232.243
51,Lelia,McCray,lmccray1e@163.com,Female,117.109.239.210
52,Shelba,Wigin,swigin1f@edublogs.org,Female,53.131.22.168
53,Blondie,Bythway,bbythway1g@tiny.cc,Female,102.191.54.145
54,Taddeo,Doone,tdoone1h@google.co.jp,Male,203.167.29.14
55,Fabio,Lambourn,flambourn1i@apache.org,Male,242.31.237.211
56,Elvis,Ramberg,eramberg1j@cargocollective.com,Male,184.238.30.223
57,Noam,Hember,nhember1k@nymag.com,Male,245.169.221.93
58,Seka,Vasenin,svasenin1l@edublogs.org,Female,247.40.157.2
59,Darb,Headey,dheadey1m@aol.com,Male,239.31.119.247
60,Deana,Gilleson,dgilleson1n@aol.com,Female,249.250.49.43
61,Devin,Cater,dcater1o@wisc.edu,Male,221.192.104.165
62,Desirae,Tregidgo,dtregidgo1p@ft.com,Female,166.97.73.182
63,Rahal,Pillans,rpillans1q@google.ru,Female,215.35.50.67
64,Louis,Gain,lgain1r@yellowbook.com,Male,189.5.185.142
65,Nathalie,Batrip,nbatrip1s@jiathis.com,Female,180.122.149.216
66,Maryrose,Kenen,mkenen1t@lycos.com,Female,86.172.34.24
67,Alden,Ferrar,aferrar1u@artisteer.com,Male,181.77.88.51
68,Marline,Shill,mshill1v@amazon.de,Female,111.94.33.174
69,Astrix,Harbach,aharbach1w@ihg.com,Female,233.234.114.83
70,Edgardo,Limb,elimb1x@ox.ac.uk,Male,127.138.250.161
71,Averill,Fache,afache1y@intel.com,Male,169.214.182.221
72,Hattie,Garett,hgarett1z@cargocollective.com,Female,62.35.45.50
73,Lydia,Bromige,lbromige20@ezinearticles.com,Female,187.81.150.244
74,Rozalie,Swyndley,rswyndley21@statcounter.com,Female,98.10.24.178
75,Rand,Pelosi,rpelosi22@bluehost.com,Male,2.78.200.0
76,Dmitri,Rekes,drekes23@ucsd.edu,Male,104.33.46.180
77,Colleen,Huck,chuck24@mac.com,Female,221.144.116.76
78,Dewitt,Place,dplace25@hhs.gov,Male,43.6.204.35
79,Stanleigh,Midlane,smidlane26@odnoklassniki.ru,Male,125.86.130.21
80,Kizzie,McAndie,kmcandie27@purevolume.com,Female,118.32.176.63
81,Audrie,Parvin,aparvin28@dmoz.org,Female,13.65.150.108
82,Court,Slateford,cslateford29@dagondesign.com,Male,74.233.156.65
83,Gualterio,Towersey,gtowersey2a@google.com,Male,225.164.58.114
84,Cornie,Shemwell,cshemwell2b@nyu.edu,Female,134.149.219.221
85,Omar,Size,osize2c@themeforest.net,Male,127.70.7.239
86,Winny,Geistmann,wgeistmann2d@creativecommons.org,Male,240.218.154.116
87,Shandra,Thunders,sthunders2e@flavors.me,Female,191.227.63.238
88,Noami,Suthworth,nsuthworth2f@oaic.gov.au,Female,2.188.251.167
89,Morrie,Binge,mbinge2g@alexa.com,Male,249.152.7.35
90,Niko,Cullinane,ncullinane2h@tuttocitta.it,Male,4.67.135.225
91,Alanah,Joly,ajoly2i@usnews.com,Female,23.223.21.132
92,Chad,Farge,cfarge2j@nature.com,Male,153.157.104.21
93,Corbett,Fenlon,cfenlon2k@shop-pro.jp,Male,239.190.70.42
94,Inessa,Varian,ivarian2l@last.fm,Female,236.161.27.201
95,Zack,Weatherell,zweatherell2m@miitbeian.gov.cn,Male,34.1.108.102
96,Stu,Currin,scurrin2n@cloudflare.com,Male,46.66.167.104
97,Shirline,Lorman,slorman2o@nydailynews.com,Female,7.252.79.38
98,Garrik,Baine,gbaine2p@vinaora.com,Male,250.151.182.99
99,Torey,Kington,tkington2q@shareasale.com,Male,120.148.214.47
100,Emmalee,MacCrann,emaccrann2r@wordpress.org,Female,215.167.122.190
101,Abram,Kirkebye,akirkebye2s@opera.com,Male,94.124.91.222
102,Carline,Ede,cede2t@eepurl.com,Female,37.58.115.56
103,Carmelina,Hardbattle,chardbattle2u@google.co.jp,Female,122.75.1.149
104,Erika,Ennor,eennor2v@marriott.com,Female,202.84.16.118
105,Latisha,Kitchinghan,lkitchinghan2w@mayoclinic.com,Female,161.143.95.90
106,Stan,Trounce,strounce2x@soup.io,Male,28.231.170.63
107,Rena,Janecek,rjanecek2y@chicagotribune.com,Female,207.205.131.29
108,Goldina,Cuttler,gcuttler2z@miitbeian.gov.cn,Female,188.218.250.153
109,Phillipe,Goseling,pgoseling30@over-blog.com,Male,86.169.197.109
110,Drusie,Aggio,daggio31@si.edu,Female,159.152.193.15
111,Benjie,Larking,blarking32@prnewswire.com,Male,226.91.167.187
112,Arnuad,Cone,acone33@ucsd.edu,Male,96.167.35.254
113,Natassia,Teape,nteape34@huffingtonpost.com,Female,138.20.83.239
114,Alon,Pacheco,apacheco35@drupal.org,Male,1.50.14.92
115,Annora,Eatock,aeatock36@bbc.co.uk,Female,3.127.133.191
116,Chico,Wolford,cwolford37@google.co.jp,Male,251.95.245.35
117,Mariquilla,Laurence,mlaurence38@globo.com,Female,51.34.195.9
118,Perl,Cadle,pcadle39@microsoft.com,Female,173.222.53.120
119,Kassey,Thal,kthal3a@multiply.com,Female,192.61.252.114
120,Tabby,Griswood,tgriswood3b@fastcompany.com,Male,63.57.54.252
121,Kate,Ferney,kferney3c@moonfruit.com,Female,222.23.149.213
122,Yolanda,Saddleton,ysaddleton3d@washington.edu,Female,146.43.209.166
123,Garrett,Bartoszewski,gbartoszewski3e@homestead.com,Male,97.95.238.185
124,Gallagher,Ridgedell,gridgedell3f@macromedia.com,Male,43.49.97.204
125,Ree,Grigoroni,rgrigoroni3g@tuttocitta.it,Female,115.36.74.50
126,Hiram,Moehle,hmoehle3h@sun.com,Male,145.139.237.120
127,Blinni,Goulbourn,bgoulbourn3i@lycos.com,Female,129.131.25.221
128,Stanfield,Landes,slandes3j@home.pl,Male,192.138.91.152
129,Yance,Schapiro,yschapiro3k@nhs.uk,Male,160.213.204.42
130,Nappy,Oldcote,noldcote3l@hatena.ne.jp,Male,46.151.234.165
131,Nike,Causey,ncausey3m@theguardian.com,Female,171.13.201.229
132,Modesty,Fyers,mfyers3n@ed.gov,Female,193.1.100.175
133,Mirelle,Poser,mposer3o@walmart.com,Female,61.36.135.193
134,Meade,Borit,mborit3p@engadget.com,Female,169.40.170.209
135,Phedra,Fordy,pfordy3q@hugedomains.com,Female,198.95.142.147
136,Chester,Caddan,ccaddan3r@usgs.gov,Male,204.112.0.27
137,Care,Livard,clivard3s@imdb.com,Male,196.179.182.117
138,Ianthe,Hamelyn,ihamelyn3t@desdev.cn,Female,36.20.109.206
139,Illa,Girardez,igirardez3u@histats.com,Female,79.243.26.231
140,Kippie,Beine,kbeine3v@independent.co.uk,Male,228.48.189.96
141,Mel,Florey,mflorey3w@marketwatch.com,Male,132.228.83.72
142,Broddie,Purchall,bpurchall3x@wsj.com,Male,125.55.190.235
143,Matthieu,Karolowski,mkarolowski3y@earthlink.net,Male,20.250.190.182
144,Gillie,Jouanet,gjouanet3z@prlog.org,Female,79.151.216.95
145,Sigvard,Boards,sboards40@1688.com,Male,209.214.71.251
146,Krishnah,Hayer,khayer41@army.mil,Male,119.78.54.197
147,Nana,Herion,nherion42@blogs.com,Female,101.182.110.156
148,Irwin,Mcettrick,imcettrick43@bbc.co.uk,Male,42.175.19.119
149,Kristoforo,Fenny,kfenny44@macromedia.com,Male,46.112.130.226
150,Axel,Clevely,aclevely45@cbc.ca,Male,14.128.248.77
151,Emiline,Snasdell,esnasdell46@mac.com,Female,72.32.188.212
152,Monika,Strelitzer,mstrelitzer47@yelp.com,Female,141.252.212.79
153,Harmonie,Mattityahou,hmattityahou48@mapquest.com,Female,131.88.147.28
154,Dukie,Izaks,dizaks49@paypal.com,Male,173.16.5.58
155,Raimondo,Hanway,rhanway4a@twitpic.com,Male,8.206.180.118
156,Marthe,Sumsion,msumsion4b@census.gov,Female,58.72.230.65
157,Phil,Inchley,pinchley4c@europa.eu,Male,181.245.172.52
158,Duane,Aguirrezabala,daguirrezabala4d@cdbaby.com,Male,88.187.174.235
159,Roxanna,Acock,racock4e@mysql.com,Female,105.59.46.52
160,Ilario,Fanti,ifanti4f@photobucket.com,Male,142.28.196.41
161,Raimondo,But,rbut4g@apache.org,Male,105.82.147.241
162,Niel,Fitzsymon,nfitzsymon4h@oaic.gov.au,Male,37.91.204.10
163,Corbin,Cowerd,ccowerd4i@bbc.co.uk,Male,35.107.38.0
164,Christoffer,Chardin,cchardin4j@cbslocal.com,Male,205.42.120.131
165,Alameda,Cray,acray4k@eepurl.com,Female,185.126.66.243
166,Birch,Wedderburn,bwedderburn4l@unblog.fr,Male,177.150.124.195
167,Farley,Surgeoner,fsurgeoner4m@icio.us,Male,149.75.121.142
168,Glennis,Rothwell,grothwell4n@tripod.com,Female,179.103.54.156
169,Randal,Tompkins,rtompkins4o@naver.com,Male,49.25.146.23
170,Shae,Wann,swann4p@elegantthemes.com,Female,77.12.243.7
171,Carlen,Tacker,ctacker4q@about.me,Female,42.216.93.177
172,Avril,Bould,abould4r@google.co.uk,Female,203.170.180.12
173,Sullivan,Guerrieri,sguerrieri4s@mapquest.com,Male,159.240.115.112
174,Freda,Kerner,fkerner4t@si.edu,Female,18.169.130.75
175,Sharon,Grishelyov,sgrishelyov4u@webs.com,Female,118.33.43.1
176,Starla,Liver,sliver4v@mit.edu,Female,195.3.41.45
177,John,MacMenemy,jmacmenemy4w@hibu.com,Male,29.109.7.65
178,Winny,Tremathack,wtremathack4x@aboutads.info,Female,239.146.60.18
179,Susie,Jones,sjones4y@google.nl,Female,136.6.19.127
180,Bridget,Redholls,bredholls4z@51.la,Female,215.201.174.213
181,Dollie,Sturm,dsturm50@simplemachines.org,Female,111.139.25.98
182,Kally,Shearston,kshearston51@goodreads.com,Female,48.64.208.194
183,Guntar,Barter,gbarter52@pen.io,Male,90.83.175.76
184,Caryn,Gaitung,cgaitung53@xrea.com,Female,189.248.180.3
185,Tressa,Whetton,twhetton54@theglobeandmail.com,Female,160.77.163.208
186,Rosalinda,Phipard-Shears,rphipardshears55@census.gov,Female,208.84.70.103
187,Arlee,Fernao,afernao56@engadget.com,Female,221.221.44.246
188,Berton,Payze,bpayze57@guardian.co.uk,Male,147.240.53.64
189,Lavina,Alfuso,lalfuso58@buzzfeed.com,Female,172.57.34.100
190,Horatio,Boughey,hboughey59@163.com,Male,117.5.44.250
191,Filmer,Tilney,ftilney5a@usatoday.com,Male,66.238.181.92
192,Loni,Vanshin,lvanshin5b@themeforest.net,Female,29.184.124.184
193,Juliane,Petken,jpetken5c@patch.com,Female,223.81.123.8
194,Missy,Durkin,mdurkin5d@networksolutions.com,Female,248.64.107.25
195,Woodie,Watkin,wwatkin5e@washingtonpost.com,Male,30.232.97.220
196,Renata,Madgwich,rmadgwich5f@vimeo.com,Female,231.62.242.218
197,Cirilo,Spender,cspender5g@upenn.edu,Male,105.209.201.222
198,Anselma,Hellin,ahellin5h@eventbrite.com,Female,167.199.157.88
199,Lotti,Carus,lcarus5i@ycombinator.com,Female,245.29.139.194
200,Cordula,Sargant,csargant5j@dagondesign.com,Female,177.247.44.19
201,Gray,Treadgear,gtreadgear5k@weebly.com,Female,50.111.41.125
202,Luciano,Vickars,lvickars5l@nhs.uk,Male,40.170.44.9
203,Ingram,Chidler,ichidler5m@yolasite.com,Male,160.220.61.68
204,Page,MacLleese,pmaclleese5n@hugedomains.com,Male,35.23.130.16
205,Linnie,Todarello,ltodarello5o@dion.ne.jp,Female,214.239.86.88
206,Sheppard,Sidlow,ssidlow5p@photobucket.com,Male,174.169.233.228
207,Shelley,Purrier,spurrier5q@bandcamp.com,Female,11.54.6.134
208,Cory,Chipchase,cchipchase5r@mediafire.com,Male,157.223.82.173
209,Tommie,Metts,tmetts5s@networksolutions.com,Male,254.58.230.38
210,Leela,Norheny,lnorheny5t@instagram.com,Female,251.178.20.66
211,Darcee,Girardoni,dgirardoni5u@meetup.com,Female,45.161.20.238
212,Florence,Feighney,ffeighney5v@washingtonpost.com,Female,174.203.134.37
213,Greer,Duinkerk,gduinkerk5w@ihg.com,Female,221.224.123.184
214,Zena,Curds,zcurds5x@i2i.jp,Female,224.57.41.236
215,Evelina,Glasspoole,eglasspoole5y@cdbaby.com,Female,86.105.240.231
216,Slade,Adamec,sadamec5z@mapquest.com,Male,218.139.54.251
217,Spencer,Gutowski,sgutowski60@devhub.com,Male,8.204.112.27
218,Adamo,Poschel,aposchel61@shop-pro.jp,Male,5.149.182.54
219,Montague,McIlreavy,mmcilreavy62@craigslist.org,Male,49.88.166.94
220,Zacherie,Tennant,ztennant63@rediff.com,Male,169.212.187.126
221,Otes,Sivyer,osivyer64@dropbox.com,Male,198.12.149.121
222,Murdock,Scallan,mscallan65@alexa.com,Male,229.136.166.221
223,Jodie,Akaster,jakaster66@tripadvisor.com,Male,42.224.145.205
224,Demeter,Pickett,dpickett67@odnoklassniki.ru,Female,185.234.183.140
225,Frankie,Togwell,ftogwell68@meetup.com,Female,68.71.233.27
226,Calypso,McCrae,cmccrae69@imgur.com,Female,96.78.92.15
227,Andree,Faldo,afaldo6a@mashable.com,Female,202.184.226.105
228,Clari,Creighton,ccreighton6b@wordpress.com,Female,160.124.36.37
229,Lem,Marusik,lmarusik6c@vistaprint.com,Male,252.133.241.131
230,Muhammad,Szapiro,mszapiro6d@amazon.co.uk,Male,137.235.80.160
231,Seka,Grumley,sgrumley6e@comsenz.com,Female,255.214.134.212
232,Filmer,Crisall,fcrisall6f@vimeo.com,Male,201.76.94.70
233,Clare,Cream,ccream6g@shareasale.com,Male,147.221.199.137
234,Adriaens,Knotte,aknotte6h@accuweather.com,Female,136.129.107.207
235,Aidan,Bilovsky,abilovsky6i@cbc.ca,Female,149.90.79.99
236,Aloysia,Stanlack,astanlack6j@yahoo.com,Female,215.163.218.42
237,Thane,Roath,troath6k@lycos.com,Male,234.75.242.6
238,Cleavland,Grimsdell,cgrimsdell6l@icq.com,Male,205.88.123.3
239,Humphrey,Drieu,hdrieu6m@ucoz.com,Male,135.63.40.81
240,Cal,Desantis,cdesantis6n@free.fr,Female,248.55.104.78
241,Lindi,Gobeau,lgobeau6o@ted.com,Female,170.138.240.100
242,Seth,Keenleyside,skeenleyside6p@cbsnews.com,Male,171.7.188.242
243,Aylmer,Durno,adurno6q@hubpages.com,Male,47.235.98.205
244,Enrica,Wasmuth,ewasmuth6r@ustream.tv,Female,124.155.11.113
245,Morris,Grunwald,mgrunwald6s@marketwatch.com,Male,78.134.8.1
246,Joela,Danahar,jdanahar6t@dedecms.com,Female,93.219.183.157
247,Selia,Leveridge,sleveridge6u@yellowpages.com,Female,153.68.0.191
248,Alana,Loughran,aloughran6v@utexas.edu,Female,128.8.151.97
249,Dorella,Goodlett,dgoodlett6w@studiopress.com,Female,115.60.242.85
250,Verge,Chelam,vchelam6x@amazon.com,Male,23.204.94.113
251,Noellyn,Filippone,nfilippone6y@naver.com,Female,57.99.9.183
252,Artemis,Fakes,afakes6z@amazon.de,Male,223.64.219.51
253,Jodi,Alf,jalf70@usa.gov,Female,6.70.117.112
254,Burtie,Glusby,bglusby71@home.pl,Male,56.194.146.249
255,Izabel,Di Gregorio,idigregorio72@skyrock.com,Female,101.178.245.69
256,Ted,Ripsher,tripsher73@nifty.com,Female,214.215.214.247
257,Caryn,Dobrowolski,cdobrowolski74@vistaprint.com,Female,184.217.64.24
258,Tamera,Hilary,thilary75@digg.com,Female,187.27.50.1
259,Morgen,Stout,mstout76@squidoo.com,Female,167.247.232.150
260,Sax,Azemar,sazemar77@ezinearticles.com,Male,169.171.77.95
261,Valentine,Swinfen,vswinfen78@nps.gov,Female,234.184.116.20
262,Matty,Wakes,mwakes79@nsw.gov.au,Male,220.226.177.100
263,Hew,Clague,hclague7a@taobao.com,Male,140.53.187.174
264,Jaquelin,Yitzhakov,jyitzhakov7b@biblegateway.com,Female,213.236.140.197
265,Claiborne,Wardington,cwardington7c@mapy.cz,Male,77.241.219.208
266,Guss,Onions,gonions7d@nifty.com,Male,213.93.223.232
267,Astrix,Rodgers,arodgers7e@desdev.cn,Female,25.136.71.96
268,Woodrow,Mougenel,wmougenel7f@wix.com,Male,111.218.92.203
269,Sibel,Inglesent,singlesent7g@canalblog.com,Female,108.224.255.133
270,Clementius,Grunnell,cgrunnell7h@bbc.co.uk,Male,123.205.193.206
271,Marlo,Erangey,merangey7i@yellowpages.com,Female,199.177.28.174
272,Rozella,Iashvili,riashvili7j@illinois.edu,Female,231.200.132.177
273,Regina,Hick,rhick7k@unblog.fr,Female,133.138.125.195
274,Alfreda,McTurlough,amcturlough7l@apache.org,Female,187.33.41.184
275,Olimpia,Rivalland,orivalland7m@pen.io,Female,222.221.80.169
276,Rodd,Methuen,rmethuen7n@360.cn,Male,241.254.129.47
277,Lewie,Dargavel,ldargavel7o@goodreads.com,Male,181.154.110.155
278,Terrel,Kemwal,tkemwal7p@list-manage.com,Male,201.179.12.150
279,Cyndi,Irlam,cirlam7q@blinklist.com,Female,22.173.55.248
280,Johny,Wakeley,jwakeley7r@addtoany.com,Male,11.90.95.22
281,Bradney,Rickesies,brickesies7s@people.com.cn,Male,83.66.175.191
282,Tann,Tatterton,ttatterton7t@simplemachines.org,Male,128.244.182.91
283,Fenelia,Malt,fmalt7u@edublogs.org,Female,25.191.207.250
284,Connor,Steffens,csteffens7v@nba.com,Male,69.67.9.227
285,Ado,Dovidaitis,adovidaitis7w@sitemeter.com,Male,157.69.220.185
286,Igor,Mitkov,imitkov7x@abc.net.au,Male,193.210.175.252
287,Eustace,Tregale,etregale7y@networksolutions.com,Male,186.232.174.200
288,Aggie,Creech,acreech7z@bandcamp.com,Female,6.70.234.119
289,Morgan,Brisseau,mbrisseau80@about.me,Male,25.223.48.30
290,Dalenna,Ende,dende81@youku.com,Female,153.16.179.249
291,Massimo,Boxen,mboxen82@china.com.cn,Male,140.163.101.222
292,Gayel,Millichap,gmillichap83@springer.com,Female,176.138.229.183
293,Laurel,Chang,lchang84@noaa.gov,Female,197.178.86.219
294,Maynord,Windrum,mwindrum85@loc.gov,Male,43.126.43.118
295,Isabel,McGeachie,imcgeachie86@yahoo.com,Female,193.31.52.162
296,Stuart,Noore,snoore87@shareasale.com,Male,32.183.200.41
297,Tiffanie,Jellybrand,tjellybrand88@acquirethisname.com,Female,67.169.77.172
298,Steve,Phare,sphare89@google.com.hk,Male,81.29.133.244
299,Morissa,Auden,mauden8a@dot.gov,Female,212.81.83.62
300,Perl,Wahlberg,pwahlberg8b@fc2.com,Female,162.179.9.190
301,Bessie,Foulds,bfoulds8c@princeton.edu,Female,41.114.150.45
302,Wallace,Dutson,wdutson8d@geocities.com,Male,238.24.35.179
303,Hashim,Philipard,hphilipard8e@wordpress.com,Male,249.42.88.235
304,Melisa,Brundall,mbrundall8f@last.fm,Female,174.151.50.207
305,Tadio,Skaif,tskaif8g@chicagotribune.com,Male,173.131.250.233
306,Godfree,Whartonby,gwhartonby8h@omniture.com,Male,66.154.103.156
307,Kirbee,Walkey,kwalkey8i@loc.gov,Female,153.90.101.201
308,Skipton,Linskill,slinskill8j@live.com,Male,59.70.105.16
309,Stormi,De Cruz,sdecruz8k@loc.gov,Female,191.81.75.248
310,Herbert,Broz,hbroz8l@artisteer.com,Male,166.22.199.32
311,Binni,Brownsill,bbrownsill8m@baidu.com,Female,113.238.94.51
312,Leena,Ebbutt,lebbutt8n@amazon.co.jp,Female,44.47.65.234
313,Tyler,Hannabuss,thannabuss8o@jimdo.com,Male,7.219.180.241
314,Godfree,Kenward,gkenward8p@cam.ac.uk,Male,114.6.168.187
315,Stavro,Pasek,spasek8q@lulu.com,Male,140.245.195.225
316,Stefanie,Silverlock,ssilverlock8r@skype.com,Female,230.214.144.198
317,Yankee,Ferreiro,yferreiro8s@tumblr.com,Male,172.105.146.158
318,Karon,Pack,kpack8t@wp.com,Female,67.226.157.91
319,Willi,Keunemann,wkeunemann8u@meetup.com,Female,229.112.175.45
320,Brittne,Lindores,blindores8v@home.pl,Female,10.133.222.177
321,Pauli,Feige,pfeige8w@weebly.com,Female,26.132.13.89
322,Shea,Falcus,sfalcus8x@ustream.tv,Male,81.161.223.221
323,Anita,Tours,atours8y@indiatimes.com,Female,121.126.166.191
324,Faulkner,Alvarado,falvarado8z@nps.gov,Male,31.123.151.152
325,Allistir,Dowgill,adowgill90@webmd.com,Male,218.112.73.255
326,Kippie,Ramplee,kramplee91@mail.ru,Male,24.26.20.219
327,Hedda,Beals,hbeals92@mit.edu,Female,156.169.64.253
328,Cherry,Dible,cdible93@scientificamerican.com,Female,191.16.250.148
329,Odie,Perring,operring94@wordpress.com,Male,19.235.30.33
330,Karleen,Coy,kcoy95@instagram.com,Female,246.0.46.23
331,Denna,Saffon,dsaffon96@examiner.com,Female,166.130.195.136
332,Emmit,Robley,erobley97@tinypic.com,Male,26.67.107.244
333,Min,Izzat,mizzat98@indiatimes.com,Female,68.14.172.187
334,Gibb,Jobe,gjobe99@foxnews.com,Male,111.254.128.234
335,Flss,Greser,fgreser9a@dailymail.co.uk,Female,47.158.115.160
336,Blondelle,Gullivan,bgullivan9b@unblog.fr,Female,148.156.92.11
337,Remington,Rake,rrake9c@ftc.gov,Male,59.51.66.39
338,Colline,Reis,creis9d@nba.com,Female,94.66.249.221
339,Ruth,Aldis,raldis9e@gov.uk,Female,151.208.187.87
340,Ingunna,Elleray,ielleray9f@gizmodo.com,Female,116.133.250.48
341,Teodorico,Keely,tkeely9g@usda.gov,Male,248.118.219.26
342,Nerty,McKelvey,nmckelvey9h@imageshack.us,Female,186.188.30.228
343,Sheeree,Cretney,scretney9i@tmall.com,Female,229.220.241.245
344,Agna,Pactat,apactat9j@i2i.jp,Female,32.20.195.184
345,Lemar,Dowdell,ldowdell9k@newsvine.com,Male,236.246.76.177
346,Karlotta,Barck,kbarck9l@shinystat.com,Female,7.82.170.3
347,Justino,De Marchi,jdemarchi9m@nationalgeographic.com,Male,188.115.121.185
348,Arni,Attwool,aattwool9n@mac.com,Male,29.254.63.181
349,Emelyne,Morot,emorot9o@unesco.org,Female,222.208.143.248
350,Baird,Maskill,bmaskill9p@washington.edu,Male,124.196.196.74
351,Diahann,Daborne,ddaborne9q@reuters.com,Female,231.117.101.251
352,Agata,Egleton,aegleton9r@bigcartel.com,Female,32.227.166.63
353,Llewellyn,Phonix,lphonix9s@skype.com,Male,164.133.95.120
354,Lilli,Paynton,lpaynton9t@infoseek.co.jp,Female,177.109.54.33
355,Oates,Spiers,ospiers9u@feedburner.com,Male,78.121.201.230
356,Maurizia,De Ferraris,mdeferraris9v@wp.com,Female,125.226.184.19
357,Arnold,Toffoloni,atoffoloni9w@hubpages.com,Male,51.62.196.199
358,Yule,Curuclis,ycuruclis9x@webnode.com,Male,163.50.20.137
359,Shem,Fautly,sfautly9y@utexas.edu,Male,137.239.102.24
360,Cyrus,Hawick,chawick9z@homestead.com,Male,166.0.108.172
361,Lovell,Crossan,lcrossana0@yolasite.com,Male,83.47.53.41
362,Mira,Mayou,mmayoua1@springer.com,Female,105.227.115.17
363,Gwendolen,Hofler,ghoflera2@biglobe.ne.jp,Female,10.27.0.228
364,Welsh,Foxley,wfoxleya3@shop-pro.jp,Male,154.88.80.54
365,Rowe,Bunston,rbunstona4@cmu.edu,Female,2.34.200.8
366,Barnabe,Buffery,bbufferya5@census.gov,Male,243.156.193.220
367,Onfroi,Rothery,orotherya6@apple.com,Male,150.228.213.53
368,Harrie,Maundrell,hmaundrella7@auda.org.au,Female,202.111.208.124
369,Augy,Petters,apettersa8@washington.edu,Male,207.19.184.38
370,Barbey,Rosendorf,brosendorfa9@narod.ru,Female,237.125.64.145
371,Kelsi,Aviss,kavissaa@instagram.com,Female,237.231.89.233
372,Wilhelmina,Peet,wpeetab@apache.org,Female,74.77.69.230
373,Efrem,Newborn,enewbornac@blog.com,Male,93.70.53.82
374,Forbes,Waldren,fwaldrenad@ucoz.ru,Male,235.236.92.31
375,Norry,Huxley,nhuxleyae@examiner.com,Male,111.158.30.255
376,Kellen,Phillpot,kphillpotaf@alibaba.com,Male,244.234.9.132
377,Chickie,Litchfield,clitchfieldag@uol.com.br,Female,188.53.71.215
378,Christina,Simioni,csimioniah@bravesites.com,Female,51.40.44.189
379,Emlen,Scholl,eschollai@arstechnica.com,Male,196.82.235.153
380,Gipsy,Szanto,gszantoaj@gnu.org,Female,160.10.135.29
381,Nola,Shapcote,nshapcoteak@t.co,Female,42.142.236.8
382,Francklin,Varne,fvarneal@rakuten.co.jp,Male,244.33.100.57
383,Marchall,Bresson,mbressonam@ocn.ne.jp,Male,87.131.100.60
384,Vonny,Marquiss,vmarquissan@pinterest.com,Female,180.146.215.218
385,Parrnell,Chattey,pchatteyao@networkadvertising.org,Male,127.16.141.71
386,Cheryl,Metson,cmetsonap@tmall.com,Female,187.61.46.119
387,Gottfried,Clapison,gclapisonaq@vistaprint.com,Male,111.143.48.95
388,Vite,Candelin,vcandelinar@studiopress.com,Male,195.50.85.57
389,Blinni,Humes,bhumesas@foxnews.com,Female,170.238.183.179
390,Cara,Ochterlony,cochterlonyat@spiegel.de,Female,94.29.180.178
391,Nadiya,Woodier,nwoodierau@amazonaws.com,Female,68.191.122.86
392,Patten,Yoakley,pyoakleyav@blogger.com,Male,12.127.111.211
393,Maria,Finlaison,mfinlaisonaw@icio.us,Female,146.94.120.57
394,Chas,Dmitrichenko,cdmitrichenkoax@smugmug.com,Male,245.132.116.94
395,Dew,Rothman,drothmanay@live.com,Male,26.54.172.148
396,Donny,Craine,dcraineaz@lulu.com,Male,125.239.121.215
397,Karney,Creagh,kcreaghb0@qq.com,Male,171.186.219.64
398,Doy,Stocken,dstockenb1@gmpg.org,Male,5.185.35.58
399,Ursulina,Di Ruggero,udiruggerob2@discuz.net,Female,180.222.81.211
400,Janos,Murch,jmurchb3@goo.gl,Male,113.191.106.117
401,Binni,Arnaut,barnautb4@clickbank.net,Female,39.12.99.147
402,Robbert,Trussler,rtrusslerb5@dailymotion.com,Male,232.89.254.38
403,Sande,Milsted,smilstedb6@cbc.ca,Female,24.123.249.162
404,Eberto,Edmondson,eedmondsonb7@flickr.com,Male,121.205.160.24
405,Marty,McTerlagh,mmcterlaghb8@prweb.com,Female,137.115.138.225
406,Dot,Domican,ddomicanb9@shareasale.com,Female,8.119.117.204
407,Fernandina,Cominello,fcominelloba@xinhuanet.com,Female,180.252.247.217
408,Rorie,Perrycost,rperrycostbb@sitemeter.com,Female,165.117.38.225
409,Alec,Gravy,agravybc@state.gov,Male,30.27.136.228
410,Wynny,Casolla,wcasollabd@dell.com,Female,1.233.77.140
411,Carolyn,Joanic,cjoanicbe@umich.edu,Female,31.119.28.47
412,Brittaney,Rojas,brojasbf@meetup.com,Female,56.209.123.88
413,Fabian,Clousley,fclousleybg@hubpages.com,Male,43.133.116.88
414,Myrtie,Pountain,mpountainbh@reddit.com,Female,248.142.138.205
415,Casper,Marmon,cmarmonbi@shareasale.com,Male,35.160.43.22
416,Kip,McShee,kmcsheebj@cyberchimps.com,Male,9.253.16.81
417,Cory,Annice,cannicebk@boston.com,Male,58.41.137.201
418,Darin,Fraanchyonok,dfraanchyonokbl@wikia.com,Male,53.135.122.126
419,Malvin,Putland,mputlandbm@google.es,Male,42.71.204.133
420,Phelia,Peyton,ppeytonbn@yellowpages.com,Female,154.178.186.245
421,Micky,Faustin,mfaustinbo@tripod.com,Female,97.248.47.76
422,Nedi,Rembaud,nrembaudbp@cbsnews.com,Female,22.62.26.252
423,Sam,Hobson,shobsonbq@ft.com,Female,162.116.134.38
424,Manny,Halhead,mhalheadbr@google.it,Male,109.247.210.1
425,Duky,Turton,dturtonbs@tiny.cc,Male,175.108.42.126
426,Adria,Bunny,abunnybt@surveymonkey.com,Female,61.175.46.78
427,Adams,Brownsett,abrownsettbu@freewebs.com,Male,177.94.121.42
428,Kurt,Heliar,kheliarbv@unicef.org,Male,250.155.158.1
429,Mill,Mensler,mmenslerbw@abc.net.au,Male,11.137.96.217
430,Colleen,Keelin,ckeelinbx@soup.io,Female,215.76.34.11
431,Alexandros,Hedditeh,ahedditehby@cocolog-nifty.com,Male,47.242.192.79
432,Connie,Puckinghorne,cpuckinghornebz@psu.edu,Male,53.178.222.29
433,Amalee,Frew,afrewc0@dailymotion.com,Female,222.222.3.200
434,Doria,Cammack,dcammackc1@imageshack.us,Female,218.238.241.243
435,Erasmus,Craddy,ecraddyc2@indiatimes.com,Male,94.230.109.73
436,Korrie,Harrill,kharrillc3@surveymonkey.com,Female,249.157.20.70
437,Sayre,Riby,sribyc4@samsung.com,Male,212.147.239.208
438,Lillian,Raddon,lraddonc5@npr.org,Female,3.234.221.249
439,Flory,Ager,fagerc6@multiply.com,Male,42.63.119.139
440,Trueman,Clench,tclenchc7@cyberchimps.com,Male,111.82.215.101
441,Armstrong,Kerswell,akerswellc8@jigsy.com,Male,186.43.81.230
442,Ephrayim,Charge,echargec9@t-online.de,Male,241.187.250.102
443,Norine,Soots,nsootsca@skyrock.com,Female,189.57.17.139
444,Maddie,Padgham,mpadghamcb@google.com,Male,149.113.228.144
445,Josi,Ludwikiewicz,jludwikiewiczcc@alibaba.com,Female,81.40.48.25
446,Dorie,Oels,doelscd@about.me,Female,249.73.199.150
447,Joceline,Draper,jdraperce@virginia.edu,Female,98.204.38.66
448,Rori,Boynton,rboyntoncf@usnews.com,Female,187.179.229.9
449,Jarrad,Larive,jlarivecg@businessinsider.com,Male,181.222.54.82
450,Shanna,Nowlan,snowlanch@sogou.com,Female,223.143.167.40
451,Kanya,Gigg,kgiggci@yellowbook.com,Female,182.83.216.93
452,Tera,Siviour,tsiviourcj@reverbnation.com,Female,169.41.205.206
453,Giorgia,Lansbury,glansburyck@wikispaces.com,Female,56.116.186.156
454,Sonya,Spinola,sspinolacl@ifeng.com,Female,140.59.123.223
455,Somerset,Camoys,scamoyscm@parallels.com,Male,18.226.232.87
456,Naoma,Jandera,njanderacn@eepurl.com,Female,129.111.244.19
457,Bertie,Reddle,breddleco@ihg.com,Male,69.61.46.124
458,Cathee,Brennand,cbrennandcp@dyndns.org,Female,0.167.212.8
459,Luis,Culkin,lculkincq@facebook.com,Male,163.4.7.159
460,Fawne,Grayshon,fgrayshoncr@mayoclinic.com,Female,24.112.63.105
461,Thoma,Macilhench,tmacilhenchcs@altervista.org,Male,29.82.206.174
462,Lotti,Kirtland,lkirtlandct@sphinn.com,Female,125.24.144.90
463,Corella,Matousek,cmatousekcu@addthis.com,Female,145.11.74.15
464,Rockey,Digweed,rdigweedcv@reuters.com,Male,0.197.33.222
465,Marylynne,Fynn,mfynncw@mediafire.com,Female,124.57.51.120
466,Dolf,Lindores,dlindorescx@ning.com,Male,96.111.127.35
467,Aleda,Sineath,asineathcy@hubpages.com,Female,220.93.100.54
468,Nataniel,Domenichelli,ndomenichellicz@oracle.com,Male,24.74.114.72
469,Sheryl,Mixture,smixtured0@tamu.edu,Female,148.253.6.205
470,Charley,Venditti,cvendittid1@bloglines.com,Male,79.226.76.68
471,Maggie,Burbridge,mburbridged2@narod.ru,Female,131.84.95.84
472,Charis,Learned,clearnedd3@cargocollective.com,Female,21.248.64.16
473,Barry,Rignoldes,brignoldesd4@home.pl,Male,202.50.184.12
474,Mireille,Dalliwatr,mdalliwatrd5@soundcloud.com,Female,60.49.151.208
475,Ainsley,Melloy,amelloyd6@latimes.com,Female,137.244.86.134
476,Farrah,Zorzetti,fzorzettid7@mapy.cz,Female,164.127.130.23
477,Ogden,Jennens,ojennensd8@cornell.edu,Male,204.111.1.90
478,Clyde,Spaughton,cspaughtond9@yellowpages.com,Male,120.17.88.42
479,Hertha,Gustus,hgustusda@answers.com,Female,166.0.16.189
480,Kari,Ambridge,kambridgedb@time.com,Female,204.241.236.26
481,Tracie,Purvess,tpurvessdc@tripadvisor.com,Male,84.110.190.150
482,Kelcie,Greser,kgreserdd@dagondesign.com,Female,99.5.239.183
483,Silvan,Dowglass,sdowglassde@aol.com,Male,108.53.195.141
484,Bev,Aylwin,baylwindf@ustream.tv,Male,94.156.213.221
485,Janeva,Dine-Hart,jdinehartdg@eepurl.com,Female,121.82.110.112
486,Janie,Seamark,jseamarkdh@earthlink.net,Female,67.131.218.10
487,Tatum,Rowley,trowleydi@java.com,Female,124.130.224.102
488,Pierre,Utting,puttingdj@arizona.edu,Male,70.37.65.35
489,Jim,Lakenden,jlakendendk@feedburner.com,Male,171.111.187.5
490,Louis,Parzizek,lparzizekdl@imageshack.us,Male,82.69.0.80
491,Vern,Wherton,vwhertondm@seattletimes.com,Male,27.1.224.208
492,Anita,Tunnadine,atunnadinedn@imgur.com,Female,44.22.215.154
493,Caritta,Dockreay,cdockreaydo@yahoo.co.jp,Female,130.109.247.42
494,Morse,Reynard,mreynarddp@yahoo.com,Male,254.242.201.222
495,Jerri,Halfacre,jhalfacredq@google.com.hk,Male,106.76.153.128
496,Fawnia,Oxenford,foxenforddr@godaddy.com,Female,149.48.58.3
497,Erny,McCorrie,emccorrieds@techcrunch.com,Male,58.162.136.70
498,Nadia,Cheke,nchekedt@sogou.com,Female,248.4.29.254
499,Jere,Vannoni,jvannonidu@cbsnews.com,Female,194.88.150.157
500,Rey,Lippitt,rlippittdv@clickbank.net,Female,221.89.180.114
501,Joane,Viant,jviantdw@webnode.com,Female,241.115.158.253
502,Karolina,Alsop,kalsopdx@meetup.com,Female,47.114.152.148
503,Demott,Tesdale,dtesdaledy@is.gd,Male,25.243.118.2
504,Stormie,Docksey,sdockseydz@google.cn,Female,110.143.2.254
505,Benedikta,Boyson,bboysone0@bloglovin.com,Female,255.28.88.69
506,Sissy,Pigden,spigdene1@home.pl,Female,9.141.123.22
507,Rosemarie,Brownsell,rbrownselle2@nytimes.com,Female,36.203.201.95
508,Verla,Schruurs,vschruurse3@slideshare.net,Female,43.192.200.214
509,Farrel,Peizer,fpeizere4@dot.gov,Male,149.65.107.123
510,Arvie,Blackledge,ablackledgee5@businessinsider.com,Male,120.218.230.131
511,Daisi,Rizzillo,drizzilloe6@yolasite.com,Female,23.19.194.250
512,Buck,Demongeot,bdemongeote7@ucla.edu,Male,148.40.10.52
513,Sutton,Linnitt,slinnitte8@nydailynews.com,Male,248.127.103.37
514,Darryl,Monk,dmonke9@berkeley.edu,Male,184.64.22.98
515,Isidora,Glendza,iglendzaea@so-net.ne.jp,Female,64.224.251.21
516,Kellyann,Reschke,kreschkeeb@hatena.ne.jp,Female,108.120.147.201
517,Walsh,Claringbold,wclaringboldec@about.com,Male,148.238.54.112
518,Taber,Halgarth,thalgarthed@ucla.edu,Male,86.2.150.144
519,Isak,Ary,iaryee@merriam-webster.com,Male,131.134.230.160
520,Steward,Perkin,sperkinef@joomla.org,Male,120.164.119.227
521,Silvana,O'Concannon,soconcannoneg@twitter.com,Female,88.7.168.168
522,Trenna,Jiruch,tjirucheh@prlog.org,Female,133.223.121.187
523,Arlee,Thomazet,athomazetei@live.com,Female,240.24.142.108
524,Raynell,Stratford,rstratfordej@berkeley.edu,Female,144.97.253.215
525,Raynard,Drillingcourt,rdrillingcourtek@google.com,Male,61.227.7.107
526,Carleen,Arkwright,carkwrightel@symantec.com,Female,93.84.32.88
527,Poul,Keyser,pkeyserem@unblog.fr,Male,16.162.54.63
528,Alisander,Braisted,abraisteden@ow.ly,Male,17.87.168.149
529,Dede,Huckfield,dhuckfieldeo@goo.ne.jp,Female,56.251.174.168
530,Charmaine,Gommes,cgommesep@blinklist.com,Female,20.245.2.163
531,Druci,Tinman,dtinmaneq@ox.ac.uk,Female,154.4.228.102
532,Marji,Tiuit,mtiuiter@google.com,Female,9.45.158.164
533,Lewiss,Tremblet,ltrembletes@jugem.jp,Male,2.103.254.202
534,Leia,Coupe,lcoupeet@theatlantic.com,Female,106.254.88.220
535,Mitchell,Galbraeth,mgalbraetheu@telegraph.co.uk,Male,149.149.33.93
536,Mabel,Samson,msamsonev@hc360.com,Female,90.83.47.183
537,Tirrell,Haggerston,thaggerstonew@npr.org,Male,42.254.249.154
538,Remy,Mowsley,rmowsleyex@narod.ru,Female,119.125.14.40
539,Beau,Fendlow,bfendlowey@goodreads.com,Male,6.20.186.228
540,Kordula,Daye,kdayeez@com.com,Female,191.134.189.38
541,Lorelei,Willerton,lwillertonf0@sakura.ne.jp,Female,81.118.243.15
542,Kathe,Smithies,ksmithiesf1@oaic.gov.au,Female,56.225.21.41
543,Vincent,Folonin,vfoloninf2@myspace.com,Male,244.124.34.47
544,Marita,McColm,mmccolmf3@tiny.cc,Female,44.67.162.31
545,Kittie,Kimbrough,kkimbroughf4@omniture.com,Female,254.183.103.56
546,Chris,Pinard,cpinardf5@dion.ne.jp,Male,226.161.142.165
547,Tonie,Pesselt,tpesseltf6@netvibes.com,Female,97.171.104.106
548,Ted,Money,tmoneyf7@dion.ne.jp,Male,74.16.126.243
549,Roselia,Varvell,rvarvellf8@bigcartel.com,Female,191.210.224.93
550,Joe,Flores,jfloresf9@narod.ru,Male,75.254.89.51
551,Isabella,Boc,ibocfa@narod.ru,Female,77.4.148.52
552,Martelle,Raccio,mracciofb@wikimedia.org,Female,255.66.44.116
553,Idalina,Darnell,idarnellfc@toplist.cz,Female,45.6.28.138
554,Jammal,Litchfield,jlitchfieldfd@amazonaws.com,Male,187.19.166.169
555,Chancey,Peskin,cpeskinfe@naver.com,Male,210.44.254.198
556,Stephanus,Skahill,sskahillff@hubpages.com,Male,210.176.165.77
557,Cherilynn,Gerault,cgeraultfg@gov.uk,Female,155.36.154.147
558,Nerti,Christol,nchristolfh@hao123.com,Female,206.204.86.179
559,Edouard,Wheble,ewheblefi@dedecms.com,Male,182.86.255.174
560,Alfred,Swires,aswiresfj@51.la,Male,72.126.122.254
561,Sander,Scholtis,sscholtisfk@bigcartel.com,Male,65.99.217.35
562,Belvia,Kingston,bkingstonfl@livejournal.com,Female,203.14.173.194
563,Clair,Broseman,cbrosemanfm@guardian.co.uk,Female,129.178.100.86
564,Leighton,Sellor,lsellorfn@miibeian.gov.cn,Male,165.145.181.79
565,Erda,Mangeney,emangeneyfo@rakuten.co.jp,Female,149.254.34.8
566,Charles,Nyles,cnylesfp@paginegialle.it,Male,86.214.111.232
567,Jimmy,Hanwell,jhanwellfq@google.fr,Male,135.196.20.12
568,Towney,Mogey,tmogeyfr@symantec.com,Male,158.176.89.122
569,Christie,Blakesley,cblakesleyfs@howstuffworks.com,Male,203.92.164.50
570,Celle,Ledger,cledgerft@youku.com,Female,11.4.119.138
571,Rivi,Dorken,rdorkenfu@ask.com,Female,185.28.175.168
572,Daune,Asplen,dasplenfv@dyndns.org,Female,104.228.117.38
573,Germain,Anear,ganearfw@ca.gov,Female,54.228.74.109
574,Hubey,Gerran,hgerranfx@wunderground.com,Male,73.18.56.112
575,Simone,Gotcher,sgotcherfy@usa.gov,Male,157.192.29.18
576,Temple,Djokic,tdjokicfz@phoca.cz,Male,143.126.117.107
577,Kimmie,Schankel,kschankelg0@unesco.org,Female,162.20.88.158
578,Aime,Wrist,awristg1@ibm.com,Female,214.120.239.2
579,Fanya,Brilon,fbrilong2@jiathis.com,Female,117.12.210.117
580,Gennifer,Messenbird,gmessenbirdg3@alibaba.com,Female,244.80.68.116
581,Kimberli,Whitelock,kwhitelockg4@amazonaws.com,Female,169.175.128.71
582,Dulciana,Nerheny,dnerhenyg5@dropbox.com,Female,146.213.23.94
583,Deeanne,Alves,dalvesg6@netscape.com,Female,200.103.226.204
584,Oswald,Slyford,oslyfordg7@nyu.edu,Male,67.28.32.96
585,Moe,Broschke,mbroschkeg8@google.cn,Male,31.113.13.173
586,Giacobo,Wilkes,gwilkesg9@dailymotion.com,Male,9.160.168.120
587,Rogerio,Libby,rlibbyga@yale.edu,Male,69.90.5.247
588,Cristina,Bradford,cbradfordgb@csmonitor.com,Female,55.71.215.127
589,Alexio,Short,ashortgc@blogspot.com,Male,208.218.175.85
590,Winn,Furness,wfurnessgd@cdc.gov,Male,46.95.71.29
591,Gert,Ozintsev,gozintsevge@independent.co.uk,Female,50.126.5.138
592,Evonne,Pincott,epincottgf@blinklist.com,Female,109.208.15.32
593,Aeriela,Derell,aderellgg@studiopress.com,Female,36.239.138.251
594,Katalin,Erasmus,kerasmusgh@ifeng.com,Female,142.102.74.247
595,Adrea,Corris,acorrisgi@wp.com,Female,186.109.193.92
596,Ferdie,Kase,fkasegj@oakley.com,Male,13.230.168.216
597,Beverley,Broxis,bbroxisgk@vimeo.com,Female,188.30.102.95
598,Tadeas,Trusty,ttrustygl@youku.com,Male,55.112.216.56
599,Querida,Bruhn,qbruhngm@qq.com,Female,153.157.72.149
600,Audie,O'Cannavan,aocannavangn@army.mil,Female,4.181.190.173
601,Neil,Westmoreland,nwestmorelandgo@cnn.com,Male,110.201.33.196
602,Cherise,Powe,cpowegp@timesonline.co.uk,Female,192.221.177.229
603,Inigo,Ritchard,iritchardgq@google.com.br,Male,189.135.138.69
604,Brew,Walpole,bwalpolegr@google.ca,Male,38.131.158.58
605,Arnie,Burland,aburlandgs@yelp.com,Male,89.17.221.163
606,Xena,Hincks,xhincksgt@stumbleupon.com,Female,82.185.178.171
607,Allie,Della,adellagu@quantcast.com,Male,132.219.80.86
608,Pavlov,Noonan,pnoonangv@mysql.com,Male,117.116.195.162
609,Jose,Chansonnau,jchansonnaugw@sina.com.cn,Male,166.186.145.149
610,Trevor,Bavridge,tbavridgegx@domainmarket.com,Male,167.145.249.236
611,Paddie,Cornbill,pcornbillgy@google.co.jp,Male,80.10.244.124
612,Devi,McCalister,dmccalistergz@about.me,Female,96.205.158.92
613,Marena,McGarrell,mmcgarrellh0@printfriendly.com,Female,237.145.165.144
614,Haleigh,Binne,hbinneh1@usa.gov,Male,232.175.79.41
615,Shalne,Skippings,sskippingsh2@smugmug.com,Female,255.105.226.10
616,Grace,Dreghorn,gdreghornh3@trellian.com,Male,119.63.180.86
617,Odessa,Tomaini,otomainih4@wordpress.com,Female,155.229.79.138
618,Clerissa,Saterthwait,csaterthwaith5@51.la,Female,8.34.81.107
619,Derick,Robiou,drobiouh6@nba.com,Male,49.121.3.162
620,Emlynn,MacKissack,emackissackh7@harvard.edu,Female,116.250.209.48
621,Fidel,Tussaine,ftussaineh8@wired.com,Male,191.111.71.222
622,Lucita,Phebee,lphebeeh9@gov.uk,Female,218.30.50.115
623,Carlo,Grieves,cgrievesha@quantcast.com,Male,39.51.174.250
624,Arluene,Tring,atringhb@cbc.ca,Female,136.98.246.74
625,Benn,McVane,bmcvanehc@mozilla.com,Male,40.85.23.207
626,Jeralee,Tomaszczyk,jtomaszczykhd@utexas.edu,Female,100.195.232.95
627,Bentley,Claus,bclaushe@wikimedia.org,Male,136.189.180.166
628,Beauregard,Anthony,banthonyhf@unicef.org,Male,47.253.78.169
629,Lancelot,Kurten,lkurtenhg@globo.com,Male,124.224.153.33
630,Melisse,Bore,mborehh@cyberchimps.com,Female,51.58.95.76
631,Johann,Revie,jreviehi@biblegateway.com,Male,197.119.68.202
632,Elvina,Abrahams,eabrahamshj@live.com,Female,180.100.26.173
633,Roxie,Vahey,rvaheyhk@is.gd,Female,211.204.86.224
634,Karlee,Addy,kaddyhl@biblegateway.com,Female,153.229.96.253
635,Charleen,Pennacci,cpennaccihm@yahoo.co.jp,Female,108.216.41.255
636,Prent,Clowney,pclowneyhn@patch.com,Male,142.43.13.183
637,Jamill,Navarijo,jnavarijoho@123-reg.co.uk,Male,92.106.43.85
638,Thane,Horwell,thorwellhp@indiatimes.com,Male,162.11.94.42
639,Bobbette,Cruess,bcruesshq@sciencedirect.com,Female,156.221.56.197
640,Cleavland,Cholwell,ccholwellhr@networksolutions.com,Male,70.115.82.79
641,Benji,Huggett,bhuggetths@bloglines.com,Male,155.22.226.127
642,Suki,Seares,ssearesht@webmd.com,Female,83.218.210.124
643,Thaine,Sharkey,tsharkeyhu@china.com.cn,Male,101.201.8.114
644,Meredeth,Amphlett,mamphletthv@yellowpages.com,Male,35.236.166.174
645,Cairistiona,Domelow,cdomelowhw@guardian.co.uk,Female,31.149.99.105
646,Opaline,Portigall,oportigallhx@gizmodo.com,Female,91.243.163.52
647,Alex,Storre,astorrehy@va.gov,Female,205.126.180.12
648,Patrizio,Ranklin,pranklinhz@seesaa.net,Male,22.158.8.217
649,Cooper,Antcliff,cantcliffi0@forbes.com,Male,249.132.56.93
650,Osmund,Slaight,oslaighti1@amazon.com,Male,138.76.22.201
651,Bettine,Bein,bbeini2@about.me,Female,109.146.6.209
652,Laney,Casol,lcasoli3@fda.gov,Female,95.147.66.6
653,Giorgia,Jovovic,gjovovici4@epa.gov,Female,15.126.212.76
654,Tory,Andreichik,tandreichiki5@tiny.cc,Female,24.76.213.193
655,Trstram,Mabone,tmabonei6@tamu.edu,Male,44.27.5.62
656,Taite,Sweetlove,tsweetlovei7@163.com,Male,157.168.195.61
657,Elnar,Francie,efranciei8@nasa.gov,Male,67.22.86.227
658,Sybila,Warke,swarkei9@cnet.com,Female,255.67.151.92
659,Gav,Spalls,gspallsia@omniture.com,Male,167.7.23.214
660,Silvia,Flintoffe,sflintoffeib@aol.com,Female,117.1.249.44
661,Mersey,Bettison,mbettisonic@baidu.com,Female,191.79.39.247
662,Laetitia,Targe,ltargeid@ezinearticles.com,Female,110.243.181.118
663,Augie,Legg,aleggie@jimdo.com,Male,224.40.196.112
664,Nathanil,Curnock,ncurnockif@homestead.com,Male,82.20.235.142
665,Gaylord,Sooper,gsooperig@usgs.gov,Male,47.11.253.237
666,Augustin,Northgraves,anorthgravesih@etsy.com,Male,89.125.63.17
667,Gonzales,Coalburn,gcoalburnii@hc360.com,Male,228.189.15.226
668,Ellswerth,Syred,esyredij@livejournal.com,Male,0.223.19.253
669,Leshia,Rive,lriveik@com.com,Female,160.246.50.222
670,Walther,Coom,wcoomil@delicious.com,Male,252.196.175.108
671,Rodger,Over,roverim@merriam-webster.com,Male,195.191.79.93
672,Averell,Quilty,aquiltyin@flavors.me,Male,156.161.107.142
673,Cad,Boydell,cboydellio@dropbox.com,Male,236.35.231.14
674,Ericka,Currey,ecurreyip@nydailynews.com,Female,180.58.138.162
675,Cchaddie,Camacho,ccamachoiq@wunderground.com,Male,45.178.230.37
676,Shaine,Jockle,sjockleir@wsj.com,Female,79.117.164.169
677,Judah,Kensett,jkensettis@answers.com,Male,249.163.190.252
678,Abrahan,Lackney,alackneyit@usda.gov,Male,108.60.103.76
679,Kevina,Jori,kjoriiu@booking.com,Female,223.103.117.70
680,Lars,Crucetti,lcrucettiiv@vistaprint.com,Male,188.133.212.148
681,Tomkin,Ferrino,tferrinoiw@histats.com,Male,220.61.227.2
682,Griz,Turvie,gturvieix@reference.com,Male,88.198.166.189
683,Ike,Blethin,iblethiniy@feedburner.com,Male,133.159.253.227
684,Arri,Kemish,akemishiz@sina.com.cn,Male,61.145.69.2
685,Onfroi,Very,overyj0@addthis.com,Male,134.138.177.203
686,Bendite,Braemer,bbraemerj1@google.co.uk,Female,28.49.5.170
687,Janetta,Mablestone,jmablestonej2@amazonaws.com,Female,233.90.139.33
688,Chane,Rushmare,crushmarej3@blogtalkradio.com,Male,47.123.180.128
689,Rosella,Padkin,rpadkinj4@mashable.com,Female,138.26.195.153
690,Shanta,Durrell,sdurrellj5@webnode.com,Female,124.127.255.197
691,Doloritas,Duguid,dduguidj6@slate.com,Female,198.11.101.68
692,Kristo,Morhall,kmorhallj7@redcross.org,Male,209.182.116.237
693,Dniren,Burston,dburstonj8@cisco.com,Female,247.242.62.110
694,Wilbert,Behagg,wbehaggj9@quantcast.com,Male,225.192.84.28
695,Kai,Bownd,kbowndja@ycombinator.com,Female,31.37.216.173
696,Bunny,Turner,bturnerjb@twitter.com,Female,31.164.6.196
697,Fayre,Dunn,fdunnjc@theguardian.com,Female,111.212.98.231
698,Rozalin,Leavey,rleaveyjd@ezinearticles.com,Female,93.24.102.19
699,Michaela,Andriss,mandrissje@liveinternet.ru,Female,4.61.170.210
700,Starlene,Pietruschka,spietruschkajf@census.gov,Female,214.49.235.192
701,Faye,Balling,fballingjg@xing.com,Female,223.206.5.119
702,Barbi,Bountiff,bbountiffjh@weibo.com,Female,199.210.27.212
703,Sabina,covino,scovinoji@hp.com,Female,227.34.135.146
704,Rasla,Keems,rkeemsjj@psu.edu,Female,118.249.15.195
705,Georgi,Mosco,gmoscojk@economist.com,Male,127.89.147.206
706,Bink,Vanichkin,bvanichkinjl@cdbaby.com,Male,76.121.71.237
707,Amii,Gamage,agamagejm@slideshare.net,Female,73.189.87.96
708,Kendall,Gabites,kgabitesjn@smh.com.au,Male,249.218.228.26
709,Eberhard,MacTerrelly,emacterrellyjo@friendfeed.com,Male,173.10.189.220
710,Forrest,Letham,flethamjp@joomla.org,Male,111.141.149.195
711,Haskel,Tixall,htixalljq@deviantart.com,Male,33.207.157.168
712,Elton,Lidgey,elidgeyjr@blogs.com,Male,11.117.162.231
713,Sheelah,Colthurst,scolthurstjs@addtoany.com,Female,139.185.201.236
714,Ula,Hurdidge,uhurdidgejt@bbc.co.uk,Female,8.216.11.165
715,Brenden,Buttrum,bbuttrumju@usda.gov,Male,22.20.177.162
716,Russ,Pargetter,rpargetterjv@shutterfly.com,Male,114.238.119.113
717,Meredith,Bamlett,mbamlettjw@homestead.com,Male,92.142.26.24
718,Chryste,Gilbanks,cgilbanksjx@vkontakte.ru,Female,131.162.244.249
719,Gib,Ebsworth,gebsworthjy@qq.com,Male,39.158.132.198
720,Bradly,Belfield,bbelfieldjz@skype.com,Male,178.48.142.22
721,Nealy,Botterell,nbotterellk0@gmpg.org,Male,53.168.205.181
722,Clywd,Adkins,cadkinsk1@state.tx.us,Male,164.192.197.119
723,Pebrook,Gager,pgagerk2@blogtalkradio.com,Male,221.105.249.64
724,Ozzy,Benn,obennk3@privacy.gov.au,Male,162.4.37.53
725,Margette,Tonkes,mtonkesk4@ca.gov,Female,20.78.189.15
726,Rudyard,Naden,rnadenk5@vimeo.com,Male,207.13.89.171
727,Gerry,Chesshire,gchesshirek6@abc.net.au,Male,162.28.101.128
728,Constance,Danhel,cdanhelk7@ucsd.edu,Female,51.17.20.87
729,Jennica,Antoniewski,jantoniewskik8@wix.com,Female,35.190.39.196
730,Brigitta,Spurr,bspurrk9@mail.ru,Female,44.205.193.198
731,Nonie,Beldam,nbeldamka@w3.org,Female,176.107.227.119
732,Dosi,Sommers,dsommerskb@geocities.com,Female,58.141.61.226
733,Gerick,Flanne,gflannekc@cnet.com,Male,227.113.35.81
734,Quillan,McCaw,qmccawkd@pbs.org,Male,123.222.177.158
735,Prentiss,Garbutt,pgarbuttke@oaic.gov.au,Male,64.112.37.223
736,Melli,Hayley,mhayleykf@symantec.com,Female,224.184.52.224
737,Donn,Waith,dwaithkg@freewebs.com,Male,57.73.195.54
738,Colet,Frank,cfrankkh@princeton.edu,Male,11.118.211.214
739,Jacquelynn,Murrock,jmurrockki@yelp.com,Female,62.170.229.199
740,Dorette,Siuda,dsiudakj@java.com,Female,178.141.59.213
741,George,Maving,gmavingkk@google.fr,Male,179.236.162.106
742,Cart,Beedell,cbeedellkl@soundcloud.com,Male,126.176.222.72
743,Roobbie,Norrington,rnorringtonkm@jiathis.com,Female,255.108.49.134
744,Billie,Dinwoodie,bdinwoodiekn@wiley.com,Female,148.37.109.197
745,Tabina,Daber,tdaberko@weather.com,Female,49.79.205.212
746,Hobey,Judd,hjuddkp@alibaba.com,Male,130.108.89.61
747,Sigismund,Krink,skrinkkq@nytimes.com,Male,84.195.176.157
748,Lyssa,Tritten,ltrittenkr@printfriendly.com,Female,226.242.78.185
749,Gerhard,Piccop,gpiccopks@tinypic.com,Male,205.143.132.52
750,Hannah,Station,hstationkt@cargocollective.com,Female,163.170.135.230
751,Tamiko,Sopp,tsoppku@adobe.com,Female,194.214.166.116
752,Ines,Argue,iarguekv@dion.ne.jp,Female,136.160.45.127
753,Levey,Haddleton,lhaddletonkw@cocolog-nifty.com,Male,25.59.96.102
754,Rabi,Guare,rguarekx@ocn.ne.jp,Male,228.61.163.249
755,Inessa,Pennycord,ipennycordky@odnoklassniki.ru,Female,102.103.183.106
756,Marylee,Droogan,mdroogankz@noaa.gov,Female,196.168.49.239
757,Francois,Cufflin,fcufflinl0@jalbum.net,Male,172.48.137.189
758,Moshe,Ing,mingl1@wikispaces.com,Male,208.186.68.84
759,Cass,Cleminshaw,ccleminshawl2@ebay.com,Male,150.187.27.133
760,Jack,Anyon,janyonl3@edublogs.org,Male,17.103.115.132
761,Giorgia,Danels,gdanelsl4@goo.ne.jp,Female,164.80.116.145
762,Sonnnie,Barnish,sbarnishl5@slashdot.org,Female,120.216.220.8
763,Antone,Whitebread,awhitebreadl6@ca.gov,Male,134.80.200.3
764,Trixy,Haresign,tharesignl7@unblog.fr,Female,167.73.107.86
765,Nissie,Rojel,nrojell8@mlb.com,Female,240.231.136.150
766,Wilbert,Jealous,wjealousl9@ebay.co.uk,Male,207.15.208.124
767,Laina,Eckery,leckeryla@si.edu,Female,56.36.129.107
768,Rutter,Pegg,rpegglb@wordpress.com,Male,170.97.56.225
769,Irena,Jansey,ijanseylc@github.com,Female,203.62.111.106
770,Pippo,Bilbrey,pbilbreyld@paypal.com,Male,51.153.124.216
771,Jose,Letford,jletfordle@engadget.com,Male,101.40.20.221
772,Margarita,Le Guin,mleguinlf@mayoclinic.com,Female,203.252.171.112
773,Ferdy,Darinton,fdarintonlg@marketwatch.com,Male,65.7.34.153
774,Kamilah,Daddow,kdaddowlh@cnbc.com,Female,194.51.28.11
775,Hamel,Ege,hegeli@dropbox.com,Male,95.79.165.84
776,Tomaso,McClarence,tmcclarencelj@boston.com,Male,210.246.8.90
777,Gerardo,Kendrew,gkendrewlk@stumbleupon.com,Male,251.9.183.174
778,Stanislaw,Broe,sbroell@seattletimes.com,Male,99.99.135.196
779,Hallsy,Gwynn,hgwynnlm@delicious.com,Male,166.32.156.51
780,Harlene,Maycock,hmaycockln@github.io,Female,81.179.231.147
781,Rochell,Hallede,rhalledelo@examiner.com,Female,177.10.16.48
782,Wash,Kneale,wknealelp@nhs.uk,Male,214.125.76.90
783,Darci,Ackermann,dackermannlq@baidu.com,Female,11.157.50.213
784,Inga,Littlewood,ilittlewoodlr@discuz.net,Female,247.236.202.125
785,Tiebout,Klimkovich,tklimkovichls@biglobe.ne.jp,Male,201.13.195.232
786,Moore,Smithyman,msmithymanlt@cdc.gov,Male,21.72.214.148
787,Jameson,Mafham,jmafhamlu@ucsd.edu,Male,50.5.195.14
788,Janeczka,Robins,jrobinslv@rambler.ru,Female,51.94.241.69
789,Jethro,Paraman,jparamanlw@themeforest.net,Male,36.8.30.76
790,Griffin,Gilchrist,ggilchristlx@github.com,Male,116.118.121.9
791,Neile,McPhate,nmcphately@columbia.edu,Female,118.78.14.222
792,Orbadiah,Jaquet,ojaquetlz@ucoz.ru,Male,245.90.169.126
793,Vance,Goodayle,vgoodaylem0@cnbc.com,Male,29.133.238.96
794,Clevey,Mabbe,cmabbem1@elegantthemes.com,Male,225.150.246.106
795,Rock,Phonix,rphonixm2@chron.com,Male,167.122.114.117
796,Arlie,Free,afreem3@google.com.au,Female,173.151.14.55
797,Virgina,Jerke,vjerkem4@alibaba.com,Female,221.147.190.69
798,Janetta,Pownall,jpownallm5@aol.com,Female,104.106.191.119
799,Piggy,Stuckow,pstuckowm6@google.cn,Male,229.80.253.191
800,Artemas,Petche,apetchem7@dedecms.com,Male,7.232.181.48
801,Binni,Croson,bcrosonm8@narod.ru,Female,93.39.150.116
802,Carny,Darrigoe,cdarrigoem9@mail.ru,Male,19.162.112.160
803,Mureil,Longthorne,mlongthornema@sakura.ne.jp,Female,173.211.162.107
804,Fanny,Midlane,fmidlanemb@cargocollective.com,Female,165.160.38.164
805,Flin,Heavyside,fheavysidemc@nps.gov,Male,96.147.211.226
806,Kris,Goodwill,kgoodwillmd@taobao.com,Female,46.36.190.234
807,Thaxter,Jose,tjoseme@google.co.uk,Male,119.34.249.229
808,Doreen,Garling,dgarlingmf@paypal.com,Female,116.79.51.162
809,Lilyan,Spawforth,lspawforthmg@cdc.gov,Female,170.83.213.208
810,Antonin,Gorringe,agorringemh@netlog.com,Male,51.203.225.99
811,Wilek,Masham,wmashammi@about.com,Male,190.99.78.152
812,Carlin,Whipple,cwhipplemj@businessweek.com,Female,22.174.207.247
813,Kelley,Fomichkin,kfomichkinmk@dailymail.co.uk,Male,21.46.196.71
814,Cletis,Eilhersen,ceilhersenml@tumblr.com,Male,149.141.159.123
815,Ashby,Simonsen,asimonsenmm@wikipedia.org,Male,54.145.51.140
816,Katerine,Luckings,kluckingsmn@so-net.ne.jp,Female,143.134.52.15
817,Theresa,Merrigans,tmerrigansmo@psu.edu,Female,151.129.162.100
818,Elden,Scamerdine,escamerdinemp@ustream.tv,Male,33.100.211.54
819,Denny,Bradbrook,dbradbrookmq@clickbank.net,Male,166.58.254.93
820,Falkner,Roizn,froiznmr@globo.com,Male,205.255.76.232
821,Tiena,Blamires,tblamiresms@wikispaces.com,Female,7.79.134.99
822,Tasha,Faulconbridge,tfaulconbridgemt@ucla.edu,Female,44.226.160.114
823,Allx,Malpass,amalpassmu@newsvine.com,Female,35.217.251.136
824,Linnie,Anglish,langlishmv@forbes.com,Female,119.129.172.154
825,Sauveur,Crookshank,scrookshankmw@goodreads.com,Male,111.9.79.248
826,Elwira,Gonet,egonetmx@webnode.com,Female,61.7.110.198
827,Perren,Aleixo,paleixomy@ow.ly,Male,92.217.174.173
828,Vida,Carlson,vcarlsonmz@walmart.com,Female,153.109.221.144
829,Vail,Esselen,vesselenn0@blogtalkradio.com,Male,228.235.27.85
830,Alida,Butner,abutnern1@oaic.gov.au,Female,69.238.106.149
831,Marchall,Donke,mdonken2@vistaprint.com,Male,253.50.50.127
832,Paul,Giovannacci,pgiovannaccin3@narod.ru,Male,125.115.25.140
833,Richardo,Castells,rcastellsn4@imdb.com,Male,32.132.82.224
834,Teena,Davoren,tdavorenn5@salon.com,Female,140.9.13.23
835,Zacharia,Wabersich,zwabersichn6@ucsd.edu,Male,188.87.45.220
836,Petey,McIlmorie,pmcilmorien7@go.com,Male,107.146.109.76
837,Bobine,Elsop,belsopn8@goo.ne.jp,Female,111.172.198.161
838,Renie,Bicknell,rbicknelln9@wordpress.org,Female,250.94.160.7
839,Judas,Broxholme,jbroxholmena@theguardian.com,Male,124.54.194.58
840,Rozele,Sedgebeer,rsedgebeernb@oaic.gov.au,Female,8.116.31.231
841,Killian,Rubinek,krubineknc@ebay.co.uk,Male,34.59.76.243
842,Allard,Glanfield,aglanfieldnd@npr.org,Male,28.229.90.171
843,Didi,Lamasna,dlamasnane@istockphoto.com,Female,5.93.88.68
844,Merna,Haslen,mhaslennf@blogs.com,Female,175.157.92.208
845,Phyllis,Brownrigg,pbrownriggng@japanpost.jp,Female,3.137.98.102
846,Raynor,Feldmesser,rfeldmessernh@rediff.com,Male,150.229.144.63
847,Leonore,Hibbart,lhibbartni@list-manage.com,Female,74.233.193.233
848,Tyne,Ansell,tansellnj@unc.edu,Female,178.122.252.26
849,Wendeline,Dilrew,wdilrewnk@photobucket.com,Female,228.175.154.186
850,Sinclair,Crathorne,scrathornenl@washingtonpost.com,Male,188.238.178.39
851,Nicolina,Jancik,njanciknm@accuweather.com,Female,215.123.24.158
852,Quintus,Langdon,qlangdonnn@marketwatch.com,Male,145.141.86.154
853,Clarine,Heintze,cheintzeno@globo.com,Female,187.156.139.137
854,Modesta,Burtonshaw,mburtonshawnp@imgur.com,Female,127.0.88.93
855,Sheelagh,Belson,sbelsonnq@ebay.co.uk,Female,176.162.178.47
856,Arabele,Otham,aothamnr@usatoday.com,Female,79.200.207.203
857,Dusty,Vaney,dvaneyns@home.pl,Female,79.115.98.212
858,Alvinia,Baudry,abaudrynt@discuz.net,Female,189.118.115.199
859,Matthiew,Brew,mbrewnu@ustream.tv,Male,44.122.234.76
860,Celine,Newland,cnewlandnv@ebay.co.uk,Female,233.36.34.160
861,Pavla,Fisk,pfisknw@blogger.com,Female,140.43.130.210
862,Riordan,Vowels,rvowelsnx@youtube.com,Male,115.218.45.223
863,Eartha,Geere,egeereny@soup.io,Female,144.225.88.34
864,Jordan,Fuge,jfugenz@nih.gov,Male,43.249.72.249
865,Neddy,Goford,ngofordo0@nasa.gov,Male,84.23.211.107
866,Alejandro,Flewitt,aflewitto1@topsy.com,Male,86.234.52.95
867,Sherman,MacGillicuddy,smacgillicuddyo2@qq.com,Male,250.44.190.193
868,Geoffry,Cornwall,gcornwallo3@123-reg.co.uk,Male,117.7.22.241
869,Nickolas,Stollery,nstolleryo4@netscape.com,Male,101.100.140.227
870,Templeton,Manford,tmanfordo5@infoseek.co.jp,Male,128.69.34.181
871,Godfree,Fasler,gfaslero6@elegantthemes.com,Male,12.63.210.189
872,Cornelia,Hooke,chookeo7@yellowbook.com,Female,250.138.129.11
873,Lonna,Scullard,lscullardo8@myspace.com,Female,182.231.77.238
874,Grenville,Graysmark,ggraysmarko9@google.co.uk,Male,186.118.153.221
875,Roana,Broadhead,rbroadheadoa@histats.com,Female,72.140.52.148
876,Carlyle,Wayvill,cwayvillob@paypal.com,Male,131.82.59.135
877,Brandtr,Lidgett,blidgettoc@forbes.com,Male,163.111.8.239
878,Paco,Annets,pannetsod@parallels.com,Male,169.170.76.243
879,Gracia,Crummie,gcrummieoe@deliciousdays.com,Female,56.167.131.244
880,Zora,Frostdicke,zfrostdickeof@va.gov,Female,245.82.84.206
881,Etty,Antrack,eantrackog@unblog.fr,Female,155.87.244.234
882,Esra,Inchboard,einchboardoh@printfriendly.com,Male,140.232.151.151
883,Padraig,Firidolfi,pfiridolfioi@wikipedia.org,Male,65.224.68.108
884,Bobby,Pavlov,bpavlovoj@cornell.edu,Male,100.73.96.135
885,Lisha,Mickan,lmickanok@godaddy.com,Female,150.49.67.88
886,Clarita,Quinlan,cquinlanol@symantec.com,Female,27.189.239.166
887,Zachary,Adolthine,zadolthineom@themeforest.net,Male,181.182.168.187
888,Grayce,Weeds,gweedson@blogger.com,Female,142.161.179.125
889,Pru,McEllen,pmcellenoo@godaddy.com,Female,154.46.224.18
890,Merv,Dellenbrok,mdellenbrokop@wsj.com,Male,163.29.137.25
891,Lula,Pressey,lpresseyoq@wunderground.com,Female,27.216.17.122
892,Pren,Franzettoini,pfranzettoinior@ucsd.edu,Male,102.79.107.168
893,Brucie,O'Hoolahan,bohoolahanos@squidoo.com,Male,186.59.254.132
894,Sari,Hlavecek,shlavecekot@indiegogo.com,Female,8.195.245.214
895,Costanza,Mutlow,cmutlowou@usda.gov,Female,229.143.192.101
896,Loralie,Grunnill,lgrunnillov@virginia.edu,Female,209.43.124.21
897,Dalston,Gummow,dgummowow@europa.eu,Male,223.209.97.168
898,Griffin,Mattack,gmattackox@bbb.org,Male,250.167.245.81
899,Avery,Fewless,afewlessoy@topsy.com,Male,13.122.168.176
900,Budd,Stennes,bstennesoz@livejournal.com,Male,154.113.27.160
901,Johnna,Boich,jboichp0@angelfire.com,Female,184.18.43.24
902,Malvin,MacGee,mmacgeep1@umich.edu,Male,122.156.115.126
903,Maddie,Hoffman,mhoffmanp2@bluehost.com,Male,170.141.7.90
904,Marlene,Smitheman,msmithemanp3@mail.ru,Female,72.138.40.247
905,Gunilla,Doughty,gdoughtyp4@dropbox.com,Female,237.66.94.32
906,Anatole,Hollindale,ahollindalep5@thetimes.co.uk,Male,64.219.118.251
907,Petr,Wrate,pwratep6@edublogs.org,Male,20.36.153.174
908,Catlee,Norcott,cnorcottp7@aol.com,Female,229.238.78.94
909,Petrina,Wolver,pwolverp8@webs.com,Female,94.250.107.78
910,Flinn,Garrity,fgarrityp9@usatoday.com,Male,186.111.95.171
911,Dino,Rathke,drathkepa@salon.com,Male,253.51.141.90
912,Fanni,Brownlee,fbrownleepb@acquirethisname.com,Female,43.178.65.29
913,Wallace,Pottes,wpottespc@ning.com,Male,194.255.96.203
914,Babette,Waymont,bwaymontpd@nifty.com,Female,178.116.195.169
915,Nonnah,Matisse,nmatissepe@feedburner.com,Female,119.109.182.205
916,Florance,D'Abbot-Doyle,fdabbotdoylepf@msu.edu,Female,159.91.152.102
917,Colin,Thomelin,cthomelinpg@engadget.com,Male,252.90.182.239
918,Horatio,Erskine,herskineph@engadget.com,Male,219.48.148.183
919,Sadie,Gianiello,sgianiellopi@pagesperso-orange.fr,Female,21.166.71.109
920,May,Core,mcorepj@naver.com,Female,12.7.135.177
921,Eryn,Bixley,ebixleypk@icq.com,Female,158.214.5.48
922,Mirabella,Burnell,mburnellpl@ow.ly,Female,234.154.227.149
923,Ingemar,Coppeard,icoppeardpm@wisc.edu,Male,158.2.163.250
924,Crystal,Cuvley,ccuvleypn@answers.com,Female,65.2.144.51
925,Janela,Thexton,jthextonpo@cbc.ca,Female,151.103.238.105
926,Vaclav,Willimott,vwillimottpp@samsung.com,Male,198.187.192.120
927,Emmye,O'Concannon,eoconcannonpq@spiegel.de,Female,61.204.144.59
928,Gelya,Preece,gpreecepr@linkedin.com,Female,203.49.220.53
929,Fernando,Dallmann,fdallmannps@mail.ru,Male,83.73.118.225
930,Alyse,Mothersole,amothersolept@bloglovin.com,Female,96.237.123.129
931,Delia,Cavee,dcaveepu@i2i.jp,Female,178.73.237.23
932,Munroe,Eglinton,meglintonpv@ted.com,Male,124.116.210.225
933,Bernard,Muehle,bmuehlepw@bluehost.com,Male,131.144.44.175
934,Gaston,Mulgrew,gmulgrewpx@smh.com.au,Male,217.227.220.188
935,Zia,MacTerlagh,zmacterlaghpy@intel.com,Female,198.91.190.88
936,Clevey,Howlin,chowlinpz@google.com.hk,Male,235.194.36.52
937,Nikaniki,D'Errico,nderricoq0@g.co,Female,216.58.147.158
938,Engracia,Alf,ealfq1@qq.com,Female,139.237.170.111
939,Isadora,Giraldez,igiraldezq2@alexa.com,Female,61.188.113.154
940,Susann,Soonhouse,ssoonhouseq3@pinterest.com,Female,91.226.103.68
941,Marlow,Sogg,msoggq4@state.gov,Male,79.137.53.145
942,Lew,Abba,labbaq5@wikispaces.com,Male,148.93.139.195
943,Maighdiln,Sonier,msonierq6@twitpic.com,Female,149.232.235.162
944,Gussie,Duly,gdulyq7@plala.or.jp,Female,38.186.131.153
945,Chaddie,Dineges,cdinegesq8@csmonitor.com,Male,16.174.45.245
946,Eba,Haith,ehaithq9@behance.net,Female,52.232.131.71
947,Gabbi,Clouston,gcloustonqa@sbwire.com,Female,253.205.126.155
948,Wolf,Keedy,wkeedyqb@prweb.com,Male,38.185.191.192
949,Riordan,Howson,rhowsonqc@wix.com,Male,146.253.195.125
950,Doug,Wenzel,dwenzelqd@reference.com,Male,59.211.233.93
951,Forrest,Studeart,fstudeartqe@miibeian.gov.cn,Male,214.189.24.220
952,Beaufort,Andreou,bandreouqf@phpbb.com,Male,176.171.132.84
953,Issie,Pawels,ipawelsqg@go.com,Female,103.108.250.71
954,Sari,Connechie,sconnechieqh@4shared.com,Female,82.61.225.110
955,Marcie,Edler,medlerqi@wordpress.com,Female,81.234.19.63
956,Claus,Tewkesberrie,ctewkesberrieqj@ted.com,Male,75.9.51.206
957,Harlen,MacRorie,hmacrorieqk@omniture.com,Male,59.180.255.113
958,Eveleen,Delacourt,edelacourtql@thetimes.co.uk,Female,146.83.228.90
959,Sela,Burnhard,sburnhardqm@tripadvisor.com,Female,46.39.182.177
960,Janos,Venes,jvenesqn@alexa.com,Male,24.194.85.211
961,Ingrid,Wimsett,iwimsettqo@pbs.org,Female,109.167.24.153
962,Celina,Balfre,cbalfreqp@lulu.com,Female,23.80.252.46
963,Odilia,Hirth,ohirthqq@webs.com,Female,8.222.56.172
964,Lucky,Pigot,lpigotqr@weibo.com,Female,106.170.216.176
965,Bernete,Lindborg,blindborgqs@1688.com,Female,231.167.102.4
966,Berk,Marks,bmarksqt@ox.ac.uk,Male,195.118.81.27
967,Eldin,Dewar,edewarqu@boston.com,Male,229.234.127.13
968,Clemmy,Reeve,creeveqv@gizmodo.com,Female,154.104.125.90
969,Imelda,Wasling,iwaslingqw@dagondesign.com,Female,178.119.133.173
970,Elias,Loney,eloneyqx@cornell.edu,Male,42.200.139.8
971,Salli,Kennerknecht,skennerknechtqy@ftc.gov,Female,21.41.107.43
972,Gary,Markwick,gmarkwickqz@goo.gl,Male,93.120.153.147
973,Teddie,Stukings,tstukingsr0@yahoo.com,Male,223.100.247.234
974,Ave,Leel,aleelr1@opensource.org,Male,117.37.194.34
975,Pollyanna,Jery,pjeryr2@ox.ac.uk,Female,59.169.170.227
976,Dee,Grolmann,dgrolmannr3@creativecommons.org,Female,27.48.173.222
977,Nicolle,Kingescot,nkingescotr4@amazon.co.uk,Female,148.110.21.240
978,Abra,Stittle,astittler5@bbc.co.uk,Female,127.210.1.68
979,Eleonore,Ebbrell,eebbrellr6@sakura.ne.jp,Female,130.34.205.149
980,Hasty,Groomebridge,hgroomebridger7@artisteer.com,Male,118.236.60.20
981,Burlie,Brownsea,bbrownsear8@ca.gov,Male,101.60.30.77
982,Ardath,Lidbetter,alidbetterr9@i2i.jp,Female,226.15.196.133
983,Leroy,Averill,laverillra@wufoo.com,Male,227.167.248.135
984,Kacey,Malthus,kmalthusrb@twitpic.com,Female,249.130.249.69
985,Tiebout,Leathard,tleathardrc@dmoz.org,Male,231.191.53.130
986,Juieta,Oxtoby,joxtobyrd@behance.net,Female,13.242.33.98
987,Sheilah,Feckey,sfeckeyre@domainmarket.com,Female,246.111.56.81
988,Urson,Denizet,udenizetrf@nymag.com,Male,25.65.3.41
989,Wynne,Baert,wbaertrg@altervista.org,Female,213.11.174.35
990,Arnaldo,Akrigg,aakriggrh@stanford.edu,Male,233.126.244.251
991,Ronnie,Pavia,rpaviari@theglobeandmail.com,Female,81.18.194.223
992,Trisha,Chumley,tchumleyrj@ibm.com,Female,64.10.118.5
993,Urbain,Edson,uedsonrk@desdev.cn,Male,79.197.95.38
994,Arielle,Boom,aboomrl@economist.com,Female,68.189.26.2
995,Chevalier,Toms,ctomsrm@google.nl,Male,5.48.13.246
996,Joleen,Ible,jiblern@prweb.com,Female,115.52.1.52
997,Micky,Gilchriest,mgilchriestro@hc360.com,Male,16.33.182.177
998,Bessie,MacKeeg,bmackeegrp@cocolog-nifty.com,Female,233.101.103.166
999,Binky,Masi,bmasirq@reddit.com,Male,241.203.242.110
1000,Leanna,Ambrogioli,lambrogiolirr@google.fr,Female,250.205.215.131
