id,first_name,last_name,email,gender,ip_address
1,Tomaso,Manns,tmanns0@howstuffworks.com,Male,203.0.22.171
2,Oneida,Gawthorp,ogawthorp1@people.com.cn,Female,116.128.210.119
3,Netty,Travis,ntravis2@seattletimes.com,Female,189.104.26.236
4,Eulalie,Greaser,egreaser3@amazon.co.jp,Female,157.117.102.177
5,Alysia,Raff,araff4@cdbaby.com,Female,210.200.204.228
6,Zebulon,Patley,zpatley5@irs.gov,Male,118.159.100.159
7,Sergio,Stower,sstower6@ibm.com,Male,237.218.12.218
8,Jacquelyn,Ianne,jianne7@t.co,Female,195.16.107.17
9,Agnese,Blankman,ablankman8@forbes.com,Female,244.64.111.117
10,Dalenna,Djordjevic,ddjordjevic9@usnews.com,Female,235.29.71.59
11,Clarisse,Oneal,coneala@ucoz.com,Female,131.149.131.203
12,Trent,Newbury,tnewburyb@infoseek.co.jp,Male,184.63.175.119
13,Shaw,Watters,swattersc@va.gov,Male,111.84.9.76
14,Demetri,Roderham,droderhamd@issuu.com,Male,158.101.158.161
15,Hamlen,Lowdyane,hlowdyanee@dropbox.com,Male,231.177.178.36
16,Linoel,Broke,lbrokef@admin.ch,Male,24.106.209.202
17,Cynthea,Ramel,cramelg@tumblr.com,Female,60.124.248.49
18,Flora,Crock,fcrockh@uiuc.edu,Female,93.203.250.155
19,Briant,Kelk,bkelki@bing.com,Male,93.237.82.78
20,Leonanie,Bownes,lbownesj@boston.com,Female,141.63.95.25
21,Felicle,Joynson,fjoynsonk@storify.com,Female,240.66.234.213
22,Rosemary,Ginnaly,rginnalyl@unesco.org,Female,211.137.242.79
23,Zachariah,Tunesi,ztunesim@geocities.com,Male,145.4.6.147
24,Onfre,Kelledy,okelledyn@ebay.com,Male,242.7.111.87
25,Wendel,Thoresby,wthoresbyo@google.es,Male,231.243.79.195
26,Latashia,Grundwater,lgrundwaterp@msn.com,Female,59.48.93.99
27,Damian,Larwood,dlarwoodq@tripod.com,Male,233.158.139.128
28,Bastien,Vader,bvaderr@walmart.com,Male,212.4.117.173
29,Lem,Skilton,lskiltons@si.edu,Male,78.182.207.54
30,Barbette,Guesford,bguesfordt@shutterfly.com,Female,181.15.230.17
31,Urbano,Coole,ucooleu@bloglines.com,Male,196.16.59.212
32,Tarrance,Izatt,tizattv@va.gov,Male,16.9.130.92
33,Florencia,Schirach,fschirachw@guardian.co.uk,Female,32.19.204.75
34,Meris,Bahl,mbahlx@macromedia.com,Female,72.53.24.129
35,Todd,Barajaz,tbarajazy@china.com.cn,Male,200.19.43.5
36,Erskine,D'Angeli,edangeliz@earthlink.net,Male,70.230.180.164
37,Nealon,Ewington,newington10@creativecommons.org,Male,92.170.76.111
38,Archie,Oliveto,aoliveto11@sakura.ne.jp,Male,177.198.190.203
39,Scotti,Blaxill,sblaxill12@netvibes.com,Male,136.36.243.52
40,Spense,Kaspar,skaspar13@ft.com,Male,67.37.51.166
41,Georgia,Jelleman,gjelleman14@ted.com,Female,188.103.84.213
42,Palm,Vivien,pvivien15@apple.com,Male,235.133.19.208
43,Aviva,Bulward,abulward16@wired.com,Female,55.206.25.35
44,Kevon,Chisholm,kchisholm17@unicef.org,Male,140.123.10.4
45,Tyne,Flay,tflay18@shop-pro.jp,Female,234.26.122.60
46,Lenee,Rollins,lrollins19@bbb.org,Female,172.26.147.236
47,Corrie,Adolphine,cadolphine1a@statcounter.com,Male,125.9.21.204
48,Royce,Hale,rhale1b@woothemes.com,Male,171.155.8.137
49,Em,Carriage,ecarriage1c@dailymotion.com,Male,213.197.160.30
50,Denny,Ewells,dewells1d@digg.com,Female,136.25.228.28
51,Bengt,Shayler,bshayler1e@state.tx.us,Male,143.53.90.163
52,Yulma,Prior,yprior1f@miibeian.gov.cn,Male,71.147.149.91
53,Bettine,Goad,bgoad1g@amazon.com,Female,4.111.112.204
54,Willey,Vanyukhin,wvanyukhin1h@sciencedaily.com,Male,41.43.206.169
55,Hertha,Bosquet,hbosquet1i@mapy.cz,Female,155.148.94.42
56,Paula,MacLeese,pmacleese1j@rambler.ru,Female,26.131.217.154
57,Aubry,Bracey,abracey1k@free.fr,Female,108.44.58.133
58,Wye,Duckerin,wduckerin1l@so-net.ne.jp,Male,217.6.227.65
59,Hugibert,McCloud,hmccloud1m@economist.com,Male,225.210.79.27
60,Simeon,Wainscot,swainscot1n@statcounter.com,Male,1.30.182.84
61,Alvina,Biddell,abiddell1o@google.co.jp,Female,253.96.32.132
62,Timmy,Raymen,traymen1p@ning.com,Male,71.135.89.113
63,Sheryl,Cratere,scratere1q@narod.ru,Female,22.212.130.117
64,Marcel,Duprey,mduprey1r@istockphoto.com,Male,144.131.130.18
65,Brodie,Geraldi,bgeraldi1s@ow.ly,Male,13.57.159.227
66,Blondie,Ainsley,bainsley1t@hp.com,Female,210.181.101.99
67,Viola,Sherborn,vsherborn1u@theglobeandmail.com,Female,214.233.151.194
68,Elnora,Flatley,eflatley1v@army.mil,Female,232.76.101.98
69,Patrizio,Devon,pdevon1w@icq.com,Male,52.71.108.118
70,Nalani,Faiers,nfaiers1x@sourceforge.net,Female,183.86.225.0
71,Ivar,Morit,imorit1y@behance.net,Male,178.155.146.144
72,Marci,Eccleshare,meccleshare1z@illinois.edu,Female,189.56.35.171
73,Bendicty,Van Driel,bvandriel20@yelp.com,Male,226.59.226.20
74,Barry,Frantzen,bfrantzen21@tripod.com,Male,46.105.17.127
75,Kristien,Smooth,ksmooth22@huffingtonpost.com,Female,193.237.46.65
76,Hart,Tubbs,htubbs23@cbsnews.com,Male,11.180.123.125
77,Ignazio,Gillison,igillison24@yolasite.com,Male,39.63.94.121
78,Gorden,Beattie,gbeattie25@answers.com,Male,202.118.154.174
79,Gabriellia,Bewshire,gbewshire26@reverbnation.com,Female,14.251.188.37
80,Alisun,Jewers,ajewers27@xinhuanet.com,Female,101.113.93.95
81,Gunther,O'Cullinane,gocullinane28@amazonaws.com,Male,115.103.84.100
82,Phylis,Sheivels,psheivels29@ft.com,Female,38.65.43.253
83,Heall,Bampkin,hbampkin2a@multiply.com,Male,217.94.169.178
84,Archibold,Antonucci,aantonucci2b@ehow.com,Male,182.186.149.216
85,Joyann,Murkus,jmurkus2c@ftc.gov,Female,86.234.208.187
86,Lotti,Stoffel,lstoffel2d@paypal.com,Female,65.176.95.220
87,Luce,Mansell,lmansell2e@topsy.com,Male,2.44.48.118
88,Gabriel,Cumbridge,gcumbridge2f@fotki.com,Female,190.168.161.143
89,Carmel,Jecks,cjecks2g@pbs.org,Female,204.56.2.216
90,Sherwood,Ferraraccio,sferraraccio2h@histats.com,Male,55.57.117.150
91,Bonny,Lightman,blightman2i@purevolume.com,Female,112.122.199.159
92,Corrie,Van der Mark,cvandermark2j@tinypic.com,Female,18.161.101.26
93,Cacilie,Maffione,cmaffione2k@fotki.com,Female,51.184.48.59
94,Romonda,Delafoy,rdelafoy2l@upenn.edu,Female,243.221.63.177
95,Mathew,Edwick,medwick2m@ezinearticles.com,Male,211.49.182.155
96,Niki,Gumbrell,ngumbrell2n@phpbb.com,Male,102.124.78.74
97,Dixie,Peniello,dpeniello2o@about.com,Female,34.167.253.12
98,Dahlia,Fetter,dfetter2p@is.gd,Female,160.141.218.19
99,Roseanna,Methringham,rmethringham2q@unc.edu,Female,99.93.213.211
100,Jeremias,Sidey,jsidey2r@wordpress.com,Male,100.155.168.30
101,Estella,Burdin,eburdin2s@arizona.edu,Female,86.218.0.103
102,Arty,Markus,amarkus2t@yelp.com,Male,96.113.67.240
103,Sylvester,Jozwicki,sjozwicki2u@exblog.jp,Male,76.211.132.206
104,Moselle,McGrah,mmcgrah2v@shinystat.com,Female,242.65.111.137
105,Gaelan,Plaide,gplaide2w@prweb.com,Male,127.130.36.180
106,Tammi,Hayer,thayer2x@utexas.edu,Female,24.200.223.172
107,Mart,Aronson,maronson2y@apache.org,Male,62.40.45.234
108,Kaiser,Huggens,khuggens2z@geocities.jp,Male,75.82.147.244
109,Bernie,Greensall,bgreensall30@reddit.com,Male,39.180.254.104
110,Lanae,Ghiron,lghiron31@infoseek.co.jp,Female,17.41.186.183
111,Carolynn,Hunnybun,chunnybun32@adobe.com,Female,166.54.38.118
112,Olva,Jaffray,ojaffray33@macromedia.com,Female,81.240.199.180
113,Bethina,Howland,bhowland34@theatlantic.com,Female,103.112.83.94
114,Willi,Mc Cahey,wmccahey35@tuttocitta.it,Female,2.155.79.225
115,Artemus,Ottosen,aottosen36@ed.gov,Male,193.92.152.53
116,Hussein,Quadri,hquadri37@nps.gov,Male,198.124.249.53
117,Alverta,Brandon,abrandon38@dmoz.org,Female,230.136.242.195
118,Siward,Doerren,sdoerren39@multiply.com,Male,90.246.74.237
119,Bridget,Archbould,barchbould3a@zdnet.com,Female,149.108.246.220
120,Murdoch,McCarron,mmccarron3b@slate.com,Male,186.223.163.240
121,Reinold,Tuison,rtuison3c@blogger.com,Male,137.81.103.148
122,Dorian,Retallack,dretallack3d@netlog.com,Male,163.198.163.178
123,Robert,Raylton,rraylton3e@desdev.cn,Male,77.234.169.0
124,Marcile,Vegas,mvegas3f@a8.net,Female,174.71.213.247
125,Gage,Hindhaugh,ghindhaugh3g@barnesandnoble.com,Male,218.230.10.222
126,Jessie,Valsler,jvalsler3h@scientificamerican.com,Male,194.237.190.99
127,Royall,Dickens,rdickens3i@twitter.com,Male,108.249.193.126
128,Erasmus,Makin,emakin3j@ow.ly,Male,8.36.104.3
129,Konstantine,Pendrick,kpendrick3k@sciencedirect.com,Male,27.110.101.16
130,Harriot,Studdeard,hstuddeard3l@cocolog-nifty.com,Female,252.240.171.37
131,Nonie,Boxen,nboxen3m@hc360.com,Female,123.224.144.137
132,Saloma,Yates,syates3n@globo.com,Female,102.174.160.37
133,Chicky,Slayford,cslayford3o@github.io,Male,180.161.91.243
134,Darb,Osan,dosan3p@disqus.com,Female,40.106.68.189
135,Wang,Kellett,wkellett3q@arstechnica.com,Male,93.219.189.141
136,Aguie,Lezemere,alezemere3r@mapquest.com,Male,62.242.229.24
137,Isiahi,Tedridge,itedridge3s@cdc.gov,Male,181.213.252.147
138,Christina,Moloney,cmoloney3t@google.ru,Female,158.189.218.54
139,Allister,Glanert,aglanert3u@boston.com,Male,242.45.93.29
140,Delmer,Rhule,drhule3v@seesaa.net,Male,115.195.233.123
141,Alma,Seeman,aseeman3w@ca.gov,Female,114.222.99.76
142,Arlin,Morilla,amorilla3x@narod.ru,Male,20.235.228.135
143,Tallia,Ainscough,tainscough3y@ehow.com,Female,201.45.31.43
144,Jena,Gallamore,jgallamore3z@hatena.ne.jp,Female,177.93.146.186
145,Nerissa,Triggle,ntriggle40@storify.com,Female,208.9.86.46
146,Fancie,Saffen,fsaffen41@sciencedaily.com,Female,248.105.196.117
147,Kevyn,Keneford,kkeneford42@gravatar.com,Female,23.215.24.20
148,Matti,Sculpher,msculpher43@uiuc.edu,Female,204.148.157.253
149,Rhys,Chessor,rchessor44@bluehost.com,Male,36.249.165.101
150,Marty,Iacomelli,miacomelli45@illinois.edu,Female,22.33.93.117
151,Reilly,Senett,rsenett46@archive.org,Male,55.207.170.197
152,Maggie,True,mtrue47@tripod.com,Female,139.31.55.72
153,Halli,Kleinlerer,hkleinlerer48@sfgate.com,Female,91.198.178.78
154,Johanna,Losty,jlosty49@live.com,Female,208.186.78.221
155,Minerva,Challenor,mchallenor4a@google.co.uk,Female,170.248.178.153
156,Giorgio,McKissack,gmckissack4b@ft.com,Male,95.72.192.178
157,Field,Gierok,fgierok4c@jigsy.com,Male,131.25.49.28
158,Winston,Bowshire,wbowshire4d@usa.gov,Male,118.74.120.51
159,Madelle,Teggart,mteggart4e@google.co.uk,Female,217.241.29.17
160,Leonelle,Gorcke,lgorcke4f@ucsd.edu,Female,154.19.21.53
161,Harriette,Phillput,hphillput4g@nytimes.com,Female,170.101.61.217
162,Nestor,Alvar,nalvar4h@dagondesign.com,Male,208.85.182.253
163,Hube,Bullick,hbullick4i@yahoo.co.jp,Male,214.9.71.45
164,Jarrad,Dann,jdann4j@behance.net,Male,104.247.12.193
165,Chryste,Golby,cgolby4k@independent.co.uk,Female,179.10.99.46
166,Alphonso,Porson,aporson4l@woothemes.com,Male,18.185.253.12
167,Tanhya,O'Scollee,toscollee4m@altervista.org,Female,84.127.62.12
168,Addy,Persence,apersence4n@globo.com,Female,12.81.21.199
169,Cole,Ladd,cladd4o@soup.io,Male,16.134.13.152
170,Meier,Fawke,mfawke4p@merriam-webster.com,Male,202.181.51.207
171,Regen,Leete,rleete4q@pbs.org,Male,79.6.18.251
172,Mamie,Cootes,mcootes4r@chron.com,Female,14.24.126.193
173,Brande,Sudron,bsudron4s@photobucket.com,Female,172.173.123.44
174,Mordecai,Dallinder,mdallinder4t@odnoklassniki.ru,Male,162.65.69.144
175,Amelina,Strawbridge,astrawbridge4u@wired.com,Female,72.121.207.214
176,Clemmie,Preskett,cpreskett4v@printfriendly.com,Male,179.13.222.78
177,Karilynn,Ickowicz,kickowicz4w@naver.com,Female,111.47.223.171
178,Bettye,Hastwell,bhastwell4x@cornell.edu,Female,88.102.43.32
179,Buck,Cloonan,bcloonan4y@livejournal.com,Male,117.209.153.226
180,Dino,Gullen,dgullen4z@nationalgeographic.com,Male,131.191.110.214
181,Quincey,Vales,qvales50@goo.gl,Male,26.18.220.111
182,Johnny,Goffe,jgoffe51@list-manage.com,Male,231.235.176.216
183,Freeland,Crinkley,fcrinkley52@biglobe.ne.jp,Male,191.119.8.165
184,Teri,Janeczek,tjaneczek53@xinhuanet.com,Female,26.43.161.2
185,Amy,Sollars,asollars54@livejournal.com,Female,120.132.186.58
186,Nady,Brownstein,nbrownstein55@accuweather.com,Female,93.164.153.109
187,Samson,McGillivrie,smcgillivrie56@deviantart.com,Male,219.214.70.167
188,Cedric,Beeho,cbeeho57@cbc.ca,Male,170.175.246.168
189,Mavis,Espino,mespino58@mashable.com,Female,99.71.16.174
190,Lilllie,Veregan,lveregan59@fotki.com,Female,223.51.190.237
191,Benyamin,Semeradova,bsemeradova5a@miitbeian.gov.cn,Male,53.254.142.101
192,Rorie,Alday,ralday5b@zimbio.com,Female,67.220.103.156
193,Bryon,Goakes,bgoakes5c@myspace.com,Male,140.32.214.133
194,Eliza,Pepi,epepi5d@amazon.co.jp,Female,237.56.174.49
195,Lemuel,Gert,lgert5e@sina.com.cn,Male,42.221.177.55
196,Geralda,Keston,gkeston5f@marketwatch.com,Female,78.123.193.192
197,Gilly,Christophle,gchristophle5g@creativecommons.org,Female,139.47.18.247
198,Case,Muddicliffe,cmuddicliffe5h@goo.gl,Male,133.186.106.34
199,Adah,Gamlen,agamlen5i@php.net,Female,79.74.77.221
200,Kori,Dodgson,kdodgson5j@devhub.com,Female,192.35.230.132
201,Cos,Patty,cpatty5k@berkeley.edu,Male,255.143.154.128
202,Otto,Vigors,ovigors5l@list-manage.com,Male,25.109.86.63
203,Mischa,Cowherd,mcowherd5m@irs.gov,Male,188.237.22.171
204,Tobie,Francioli,tfrancioli5n@vinaora.com,Male,112.236.207.115
205,Rosabelle,Antonnikov,rantonnikov5o@oracle.com,Female,193.5.38.132
206,Joyous,Larkin,jlarkin5p@infoseek.co.jp,Female,74.219.251.178
207,Fania,Connikie,fconnikie5q@walmart.com,Female,187.153.87.67
208,Andromache,Elger,aelger5r@joomla.org,Female,211.171.24.154
209,Johan,Sheryn,jsheryn5s@hexun.com,Male,227.5.134.213
210,Wendy,Slay,wslay5t@prweb.com,Female,191.253.91.2
211,Geraldine,Alderton,galderton5u@newsvine.com,Female,153.166.115.61
212,Timothee,Crotch,tcrotch5v@nsw.gov.au,Male,164.88.187.101
213,Tobe,Athow,tathow5w@jiathis.com,Male,97.147.65.139
214,Pietro,Penhale,ppenhale5x@nhs.uk,Male,56.104.235.142
215,Agnes,Finlason,afinlason5y@sina.com.cn,Female,122.149.136.75
216,Dickie,Sevitt,dsevitt5z@ibm.com,Male,66.58.106.194
217,Salvatore,Baruch,sbaruch60@census.gov,Male,195.203.134.173
218,Esdras,Mordey,emordey61@liveinternet.ru,Male,40.54.54.151
219,Lenette,Polhill,lpolhill62@over-blog.com,Female,52.198.235.69
220,Glad,Linzey,glinzey63@godaddy.com,Female,186.65.81.63
221,Lyndy,Jaques,ljaques64@accuweather.com,Female,98.87.178.191
222,Marsh,Le Guin,mleguin65@quantcast.com,Male,185.63.194.6
223,Rollo,Parsall,rparsall66@examiner.com,Male,84.103.82.255
224,Johann,Ripon,jripon67@cnbc.com,Male,21.25.255.138
225,Sofia,Duddy,sduddy68@constantcontact.com,Female,145.226.200.173
226,Zachery,Philipot,zphilipot69@jigsy.com,Male,75.150.125.3
227,Murry,Surpliss,msurpliss6a@imdb.com,Male,117.182.7.191
228,Tremayne,Pahl,tpahl6b@freewebs.com,Male,148.50.201.98
229,Jessamine,Townes,jtownes6c@over-blog.com,Female,17.152.235.23
230,Dermot,Moysey,dmoysey6d@comsenz.com,Male,109.205.78.76
231,Brice,Brims,bbrims6e@fema.gov,Male,192.170.138.120
232,Haslett,Rawlence,hrawlence6f@xing.com,Male,70.185.59.214
233,Kris,Fortun,kfortun6g@mysql.com,Male,250.238.92.52
234,Brandon,Cartmail,bcartmail6h@engadget.com,Male,62.22.134.149
235,Emmaline,Fibben,efibben6i@loc.gov,Female,80.72.58.205
236,Oralla,Presslie,opresslie6j@webeden.co.uk,Female,237.164.9.251
237,Giovanni,Craft,gcraft6k@jalbum.net,Male,22.41.194.246
238,Eldridge,Kiendl,ekiendl6l@51.la,Male,0.82.53.118
239,Grange,Troke,gtroke6m@mit.edu,Male,40.29.204.110
240,Skippie,Mollene,smollene6n@ucla.edu,Male,217.23.68.3
241,Daffy,Newey,dnewey6o@ameblo.jp,Female,148.199.223.116
242,Brittan,Melliard,bmelliard6p@quantcast.com,Female,17.78.101.88
243,Case,Fairfoot,cfairfoot6q@home.pl,Male,185.23.150.254
244,Amie,Elgar,aelgar6r@techcrunch.com,Female,210.56.194.6
245,Arther,Corten,acorten6s@goo.gl,Male,181.81.60.23
246,Cathe,Cowterd,ccowterd6t@github.io,Female,235.36.71.141
247,Boycie,Samwaye,bsamwaye6u@blogger.com,Male,241.23.65.139
248,Alanah,Menault,amenault6v@wunderground.com,Female,243.143.131.158
249,Linnie,Ateridge,lateridge6w@ox.ac.uk,Female,105.144.65.50
250,Friederike,Childes,fchildes6x@fda.gov,Female,74.94.97.64
251,Major,Boles,mboles6y@sbwire.com,Male,132.35.0.71
252,Mariya,Wooles,mwooles6z@comcast.net,Female,36.14.70.109
253,Else,Pietzner,epietzner70@house.gov,Female,115.252.83.42
254,Onfre,Thormwell,othormwell71@jigsy.com,Male,127.210.48.117
255,Alissa,Tumasian,atumasian72@imgur.com,Female,52.46.43.191
256,Monti,Kingzet,mkingzet73@google.com,Male,252.91.89.167
257,Sallyann,Waren,swaren74@amazonaws.com,Female,99.86.149.93
258,Meta,Sparling,msparling75@wikia.com,Female,150.159.84.90
259,Barbey,Keddie,bkeddie76@theguardian.com,Female,238.254.189.68
260,Melosa,Fields,mfields77@xinhuanet.com,Female,205.31.173.12
261,Uriah,Risbrough,urisbrough78@sbwire.com,Male,178.151.149.254
262,Hyacinthie,Tilston,htilston79@free.fr,Female,188.110.226.198
263,Sapphira,Duding,sduding7a@ocn.ne.jp,Female,151.197.22.26
264,Xenia,Samme,xsamme7b@mapquest.com,Female,123.62.171.59
265,Everett,Bumphries,ebumphries7c@microsoft.com,Male,42.231.229.94
266,Lamont,Driscoll,ldriscoll7d@ucsd.edu,Male,64.31.178.29
267,Holmes,Putley,hputley7e@addtoany.com,Male,242.83.193.19
268,Ebenezer,Benn,ebenn7f@canalblog.com,Male,62.248.10.192
269,Imelda,Pykett,ipykett7g@mtv.com,Female,64.221.133.191
270,Elihu,Sproat,esproat7h@usgs.gov,Male,40.42.172.141
271,Marcellina,Fruin,mfruin7i@last.fm,Female,252.57.42.95
272,Klemens,Chew,kchew7j@yahoo.com,Male,155.104.79.172
273,Bailie,Wardhaugh,bwardhaugh7k@live.com,Male,14.183.171.196
274,Clem,Pantone,cpantone7l@scribd.com,Male,253.229.75.94
275,Helyn,Honacker,hhonacker7m@weibo.com,Female,76.51.28.118
276,Sandi,Neely,sneely7n@nytimes.com,Female,147.148.16.51
277,Eddie,Fearnill,efearnill7o@e-recht24.de,Female,65.158.247.58
278,Broderic,Newgrosh,bnewgrosh7p@ucoz.com,Male,163.194.150.43
279,Marge,Bucky,mbucky7q@discovery.com,Female,7.233.181.249
280,Riane,Wyke,rwyke7r@1und1.de,Female,95.69.246.253
281,Allie,Hardiker,ahardiker7s@cornell.edu,Male,49.66.13.111
282,Wilhelmina,Jankovsky,wjankovsky7t@ovh.net,Female,229.203.233.90
283,Jackquelin,Attenburrow,jattenburrow7u@clickbank.net,Female,209.199.132.70
284,Hanan,Artiss,hartiss7v@sfgate.com,Male,119.146.45.113
285,Garfield,Charman,gcharman7w@etsy.com,Male,123.233.137.36
286,Wilhelmina,Paddington,wpaddington7x@privacy.gov.au,Female,254.167.170.135
287,Derwin,Govini,dgovini7y@cnbc.com,Male,69.29.164.58
288,Bethina,Crowch,bcrowch7z@digg.com,Female,15.226.252.253
289,Brandy,Shevlin,bshevlin80@google.com.hk,Female,43.8.92.31
290,Aubrey,Pittson,apittson81@patch.com,Female,217.84.58.252
291,Fernando,Mixture,fmixture82@delicious.com,Male,154.180.119.195
292,Hewet,Gosdin,hgosdin83@google.de,Male,118.144.5.150
293,Penelope,Cavnor,pcavnor84@china.com.cn,Female,212.70.146.169
294,Dani,Rignold,drignold85@artisteer.com,Male,117.217.255.27
295,Vikky,Yurenin,vyurenin86@prnewswire.com,Female,111.160.198.151
296,Tobye,Tuckey,ttuckey87@comcast.net,Female,46.224.39.161
297,Corabel,Veivers,cveivers88@cdbaby.com,Female,187.114.225.228
298,Leigha,Jedrzejewicz,ljedrzejewicz89@xrea.com,Female,130.58.143.116
299,Benedetta,Hewkin,bhewkin8a@discovery.com,Female,180.229.155.41
300,Haywood,Tire,htire8b@google.fr,Male,211.238.24.50
301,Adena,Hordell,ahordell8c@123-reg.co.uk,Female,44.81.118.167
302,Flori,Motton,fmotton8d@i2i.jp,Female,66.55.158.244
303,Chancey,Hindmore,chindmore8e@yandex.ru,Male,202.11.159.26
304,Cymbre,Somner,csomner8f@weibo.com,Female,190.140.157.36
305,Jesse,Stilldale,jstilldale8g@time.com,Male,203.9.95.83
306,Billy,Petley,bpetley8h@msu.edu,Male,120.237.19.87
307,Kirsteni,Troni,ktroni8i@hatena.ne.jp,Female,163.1.246.48
308,Everett,Newitt,enewitt8j@taobao.com,Male,149.134.33.82
309,Mehetabel,MacCorkell,mmaccorkell8k@japanpost.jp,Female,17.95.200.148
310,Jeffrey,Caplen,jcaplen8l@smh.com.au,Male,210.153.188.0
311,Emmit,Grinnov,egrinnov8m@ucla.edu,Male,219.248.200.182
312,Brooks,Casaccia,bcasaccia8n@icq.com,Male,110.101.220.221
313,Kaila,Habgood,khabgood8o@umn.edu,Female,251.205.187.138
314,Alard,Drains,adrains8p@squarespace.com,Male,231.69.208.133
315,Cathi,Kells,ckells8q@smugmug.com,Female,228.188.70.145
316,Larissa,O'Suaird,losuaird8r@umich.edu,Female,144.97.0.56
317,Bette,Sharvell,bsharvell8s@addtoany.com,Female,24.49.160.200
318,Trueman,Skeene,tskeene8t@shutterfly.com,Male,254.188.250.78
319,Milty,Mcimmie,mmcimmie8u@sourceforge.net,Male,3.181.104.1
320,Heidie,Gillbey,hgillbey8v@vimeo.com,Female,39.52.55.47
321,Gonzales,Kores,gkores8w@cbsnews.com,Male,94.9.194.242
322,Austin,Swadon,aswadon8x@networkadvertising.org,Female,195.12.150.54
323,Teresita,Romayne,tromayne8y@statcounter.com,Female,189.170.62.126
324,Gayel,Roches,groches8z@vk.com,Female,17.207.4.129
325,Sophronia,Samper,ssamper90@jalbum.net,Female,204.31.11.121
326,Ulrika,Lanfear,ulanfear91@spiegel.de,Female,136.242.74.78
327,Dana,Peile,dpeile92@1688.com,Male,253.233.252.126
328,Sonny,Morgue,smorgue93@google.com.hk,Female,159.124.155.31
329,Osbert,Ivashov,oivashov94@newyorker.com,Male,147.210.166.60
330,Frazier,Spreull,fspreull95@usa.gov,Male,120.101.123.54
331,Theresa,Drewes,tdrewes96@uiuc.edu,Female,190.252.149.84
332,Ethel,Kohrding,ekohrding97@icio.us,Female,246.188.240.188
333,Cassy,Tomowicz,ctomowicz98@de.vu,Female,212.67.148.163
334,Mel,Portwaine,mportwaine99@weebly.com,Female,152.15.177.117
335,Geoffrey,Tweedlie,gtweedlie9a@netlog.com,Male,238.138.154.175
336,Davide,Bimson,dbimson9b@guardian.co.uk,Male,246.207.139.54
337,Albrecht,Carrick,acarrick9c@icio.us,Male,180.52.252.197
338,Beryl,Morin,bmorin9d@qq.com,Female,51.163.127.61
339,Sheri,Aronovich,saronovich9e@cisco.com,Female,167.26.133.203
340,Frederigo,Bellie,fbellie9f@printfriendly.com,Male,185.231.89.33
341,Mannie,Bendixen,mbendixen9g@de.vu,Male,197.226.136.205
342,Owen,Retallick,oretallick9h@eepurl.com,Male,37.112.77.32
343,Katerine,Mitchiner,kmitchiner9i@google.com.hk,Female,210.206.137.58
344,Odell,McRobbie,omcrobbie9j@google.co.uk,Male,67.205.3.137
345,Wenonah,Hannabuss,whannabuss9k@google.com.br,Female,19.219.176.60
346,Cornelle,Clacson,cclacson9l@dropbox.com,Female,210.125.31.240
347,Vernen,Harwin,vharwin9m@purevolume.com,Male,48.163.189.58
348,Nelson,Naton,nnaton9n@wufoo.com,Male,207.230.83.141
349,Darill,Curnok,dcurnok9o@rakuten.co.jp,Male,234.225.186.216
350,Alasteir,Gritten,agritten9p@pen.io,Male,93.126.96.155
351,Nikita,Ubank,nubank9q@engadget.com,Male,255.2.187.51
352,Anna,Rockey,arockey9r@google.it,Female,113.227.245.160
353,Cordell,Ensley,censley9s@barnesandnoble.com,Male,219.216.14.236
354,Quincy,Maxsted,qmaxsted9t@stanford.edu,Male,34.207.211.40
355,Rayna,Anselm,ranselm9u@uol.com.br,Female,130.244.154.249
356,Angie,Jensen,ajensen9v@forbes.com,Female,10.183.218.186
357,Shea,Scanterbury,sscanterbury9w@mozilla.com,Female,71.168.36.171
358,Manya,Hardman,mhardman9x@house.gov,Female,10.76.166.248
359,Stewart,Le land,sleland9y@reverbnation.com,Male,124.249.234.90
360,Michelle,Maslen,mmaslen9z@unesco.org,Female,110.230.24.105
361,Lizzy,Duce,lducea0@youtube.com,Female,180.218.109.171
362,Antonin,Fiander,afiandera1@comsenz.com,Male,1.52.164.102
363,Cleon,Bartrap,cbartrapa2@virginia.edu,Male,29.232.114.225
364,Cathlene,Hacon,chacona3@about.me,Female,143.88.194.50
365,Garvey,de Amaya,gdeamayaa4@marriott.com,Male,248.8.58.4
366,Oneida,Fearick,ofearicka5@google.ca,Female,46.177.21.0
367,Hobey,Emmot,hemmota6@engadget.com,Male,188.48.96.43
368,Lindsay,Gallo,lgalloa7@zdnet.com,Female,199.47.204.232
369,Stuart,Gunnell,sgunnella8@cmu.edu,Male,173.26.193.189
370,Kristopher,Will,kwilla9@apple.com,Male,208.231.129.252
371,Craggy,Trevethan,ctrevethanaa@sciencedaily.com,Male,149.110.63.174
372,Elfrieda,Gleadle,egleadleab@geocities.com,Female,187.168.103.138
373,Paolina,Rucklesse,prucklesseac@ft.com,Female,1.187.19.223
374,Chloris,Capun,ccapunad@acquirethisname.com,Female,45.173.90.199
375,Diego,Preshous,dpreshousae@ox.ac.uk,Male,56.221.230.137
376,Bidget,Spiring,bspiringaf@google.com,Female,25.83.38.245
377,Sibella,Eslie,seslieag@phoca.cz,Female,145.164.240.5
378,Darcie,Coning,dconingah@lycos.com,Female,177.11.138.53
379,Nappy,Dack,ndackai@zdnet.com,Male,27.18.107.147
380,Deeann,Elcome,delcomeaj@illinois.edu,Female,66.78.173.75
381,Cele,Sherrell,csherrellak@taobao.com,Female,158.219.106.55
382,Tory,Pedrielli,tpedriellial@twitter.com,Female,18.38.18.174
383,Lorrayne,Tenwick,ltenwickam@techcrunch.com,Female,223.98.14.125
384,Julietta,Fuster,jfusteran@unblog.fr,Female,219.98.221.17
385,Robina,Seamer,rseamerao@delicious.com,Female,6.53.185.142
386,Arny,Ploughwright,aploughwrightap@soup.io,Male,175.8.90.165
387,Agneta,Stoffersen,astoffersenaq@craigslist.org,Female,15.108.62.207
388,Bran,Spinetti,bspinettiar@xinhuanet.com,Male,49.233.137.119
389,Conny,De Gregorio,cdegregorioas@biglobe.ne.jp,Female,7.140.10.164
390,Temp,Kleis,tkleisat@ibm.com,Male,226.172.51.97
391,Osmund,Weadick,oweadickau@nhs.uk,Male,182.110.164.220
392,Aleta,Blasdale,ablasdaleav@feedburner.com,Female,4.101.242.155
393,Sloan,Stonier,sstonieraw@marketwatch.com,Male,48.157.53.28
394,Elissa,Deverock,edeverockax@storify.com,Female,70.157.188.174
395,Gustavo,Lambillion,glambillionay@purevolume.com,Male,231.84.25.70
396,Maurits,Cheyne,mcheyneaz@merriam-webster.com,Male,211.125.84.95
397,Adolphus,O'Toole,aotooleb0@pcworld.com,Male,207.206.142.146
398,Karena,Casbolt,kcasboltb1@ihg.com,Female,230.141.229.9
399,Gaby,Arnould,garnouldb2@ovh.net,Male,70.82.182.224
400,Frannie,Blanchette,fblanchetteb3@goodreads.com,Male,83.240.218.85
401,Agnesse,Shinton,ashintonb4@state.gov,Female,15.15.72.88
402,Clari,Mackerness,cmackernessb5@va.gov,Female,237.33.158.249
403,Minni,Berthon,mberthonb6@163.com,Female,78.163.201.22
404,Dionne,Gillard,dgillardb7@ocn.ne.jp,Female,220.219.255.85
405,Mattheus,Setterfield,msetterfieldb8@google.cn,Male,180.48.34.141
406,Timmy,Rochelle,trochelleb9@desdev.cn,Female,249.186.60.223
407,Lula,Oby,lobyba@hao123.com,Female,254.6.201.163
408,Carling,Gores,cgoresbb@amazonaws.com,Male,144.222.117.56
409,Brietta,Parkes,bparkesbc@nps.gov,Female,210.25.193.145
410,Eddi,Fellona,efellonabd@hugedomains.com,Female,58.214.247.10
411,Lawry,Devenport,ldevenportbe@cnet.com,Male,122.146.212.42
412,Myrilla,Mullaly,mmullalybf@latimes.com,Female,53.6.192.154
413,Hollyanne,Rosone,hrosonebg@cdc.gov,Female,164.59.112.1
414,Mady,Hatch,mhatchbh@drupal.org,Female,100.106.54.171
415,Missy,Carillo,mcarillobi@google.ru,Female,137.245.190.235
416,Octavius,Bennike,obennikebj@fastcompany.com,Male,230.75.150.176
417,Audrye,Murrigans,amurrigansbk@gmpg.org,Female,17.91.169.189
418,Eachelle,Roskelly,eroskellybl@nhs.uk,Female,201.227.241.28
419,Berny,Caret,bcaretbm@amazon.com,Male,243.74.115.177
420,Von,Scritch,vscritchbn@amazon.com,Male,188.31.164.91
421,Phylys,Avramovitz,pavramovitzbo@friendfeed.com,Female,65.156.19.67
422,Rolph,Eadmeades,readmeadesbp@webnode.com,Male,108.214.14.254
423,Yanaton,Egdal,yegdalbq@squarespace.com,Male,247.39.198.203
424,Trudi,Linning,tlinningbr@ebay.co.uk,Female,90.213.95.155
425,Doralynne,Hyam,dhyambs@blogspot.com,Female,213.54.145.127
426,Pauli,Lowndsborough,plowndsboroughbt@blinklist.com,Female,181.98.49.133
427,Loy,Rampley,lrampleybu@instagram.com,Male,22.56.231.230
428,Coop,Bulman,cbulmanbv@hubpages.com,Male,239.225.169.98
429,Cherey,Shallow,cshallowbw@sina.com.cn,Female,49.97.142.42
430,Orel,Chillingsworth,ochillingsworthbx@home.pl,Female,148.38.10.236
431,Toby,Fetherstan,tfetherstanby@example.com,Female,230.64.6.187
432,Currie,Exposito,cexpositobz@wordpress.com,Male,242.236.154.112
433,Edward,Mattea,ematteac0@weebly.com,Male,102.62.86.111
434,Hobard,Lougheid,hlougheidc1@qq.com,Male,106.165.157.188
435,Krissy,Bonhill,kbonhillc2@i2i.jp,Female,78.159.152.137
436,Bibi,Winspare,bwinsparec3@miitbeian.gov.cn,Female,135.180.198.43
437,Dell,Cruse,dcrusec4@cam.ac.uk,Male,144.152.64.204
438,Fred,Crann,fcrannc5@bloglines.com,Female,60.245.12.247
439,Conan,Larmor,clarmorc6@yellowpages.com,Male,62.13.9.138
440,Rebekkah,Pottage,rpottagec7@cisco.com,Female,138.128.244.149
441,Ilaire,Shurlock,ishurlockc8@census.gov,Male,77.41.176.54
442,Tawnya,Derell,tderellc9@lycos.com,Female,20.100.144.39
443,Taddeo,Bevir,tbevirca@google.de,Male,161.211.161.115
444,Saxe,Greenroa,sgreenroacb@bbc.co.uk,Male,171.5.217.96
445,Micky,Zettler,mzettlercc@nasa.gov,Female,247.246.147.46
446,Rickert,Tresvina,rtresvinacd@hexun.com,Male,85.145.134.114
447,Marabel,Babst,mbabstce@shutterfly.com,Female,37.98.81.128
448,Shirleen,Howick,showickcf@scientificamerican.com,Female,43.231.25.236
449,Lesly,Goodspeed,lgoodspeedcg@ustream.tv,Female,201.134.247.243
450,Pepito,Elton,peltonch@hostgator.com,Male,163.8.135.187
451,Teriann,Fowlston,tfowlstonci@godaddy.com,Female,174.9.130.136
452,Rudolph,Ambrose,rambrosecj@squidoo.com,Male,121.235.214.185
453,Antone,Faier,afaierck@clickbank.net,Male,91.171.157.104
454,Neddie,Owlner,nowlnercl@state.gov,Male,33.205.176.192
455,Henka,Aysh,hayshcm@yellowbook.com,Female,225.158.122.135
456,Massimo,Redihalgh,mredihalghcn@artisteer.com,Male,4.5.21.102
457,Gregor,Wildbore,gwildboreco@ustream.tv,Male,169.2.64.197
458,Kerstin,Measor,kmeasorcp@ustream.tv,Female,58.250.137.182
459,Joann,Cicchillo,jcicchillocq@army.mil,Female,164.107.164.96
460,Marleah,Schrieves,mschrievescr@constantcontact.com,Female,146.74.106.107
461,Jerry,Beagrie,jbeagriecs@ft.com,Male,237.210.37.22
462,Suzann,Comiam,scomiamct@utexas.edu,Female,23.29.4.123
463,Anett,Van,avancu@blogs.com,Female,21.159.94.123
464,Delaney,Dennerley,ddennerleycv@springer.com,Male,251.10.219.233
465,Val,Trippitt,vtrippittcw@prweb.com,Male,55.160.202.175
466,Gaspard,Markey,gmarkeycx@skype.com,Male,191.56.148.42
467,Cleve,Hallawell,challawellcy@princeton.edu,Male,46.203.149.206
468,D'arcy,Hollingsbee,dhollingsbeecz@ted.com,Male,66.91.213.128
469,Appolonia,Pridham,apridhamd0@nps.gov,Female,137.182.41.26
470,Aguistin,Yoodall,ayoodalld1@pinterest.com,Male,240.174.236.55
471,Tuck,Jeandet,tjeandetd2@com.com,Male,25.56.100.186
472,Saundra,Tolhurst,stolhurstd3@cam.ac.uk,Male,27.66.26.114
473,Val,Clackson,vclacksond4@ycombinator.com,Male,240.209.238.52
474,Melinda,Dono,mdonod5@phpbb.com,Female,3.215.129.240
475,Emelina,Hazzard,ehazzardd6@auda.org.au,Female,92.107.135.58
476,Allistir,Ramelet,arameletd7@cnn.com,Male,72.188.40.94
477,Aleksandr,Bidwell,abidwelld8@webs.com,Male,210.123.46.145
478,Abbot,Barthelmes,abarthelmesd9@samsung.com,Male,55.195.153.215
479,Tansy,Pignon,tpignonda@photobucket.com,Female,125.4.128.3
480,Alyosha,Mora,amoradb@ebay.com,Male,4.39.50.120
481,Edan,Benedite,ebeneditedc@histats.com,Male,150.190.129.24
482,Filide,Wallage,fwallagedd@deviantart.com,Female,183.60.26.255
483,Phylis,O'Heaney,poheaneyde@seesaa.net,Female,68.81.210.67
484,Florinda,Vautier,fvautierdf@ustream.tv,Female,49.82.117.255
485,Jo-ann,Tal,jtaldg@auda.org.au,Female,87.158.46.3
486,Alverta,Warrack,awarrackdh@theguardian.com,Female,159.80.253.69
487,Barn,Berthomier,bberthomierdi@soup.io,Male,178.19.238.239
488,Bryanty,Woodier,bwoodierdj@dagondesign.com,Male,91.126.31.81
489,Cassius,Spawell,cspawelldk@posterous.com,Male,77.102.25.106
490,Dov,Jozwik,djozwikdl@sbwire.com,Male,184.233.212.143
491,Clayborn,Siggers,csiggersdm@xrea.com,Male,88.43.101.47
492,Vincenz,Kleinholz,vkleinholzdn@blogspot.com,Male,50.159.173.250
493,Gates,Gilbee,ggilbeedo@paypal.com,Female,165.53.228.229
494,Bartholomeus,Josefsen,bjosefsendp@hibu.com,Male,85.185.161.140
495,Law,Smurfitt,lsmurfittdq@cnet.com,Male,174.55.143.246
496,Ame,Daltry,adaltrydr@pagesperso-orange.fr,Female,21.46.7.27
497,Dominik,Arnefield,darnefieldds@edublogs.org,Male,125.246.252.248
498,Friederike,Oxburgh,foxburghdt@domainmarket.com,Female,181.123.7.214
499,Flynn,Vautrey,fvautreydu@phoca.cz,Male,121.92.66.14
500,Glori,McColl,gmccolldv@github.com,Female,105.190.99.23
501,Roger,Collett,rcollettdw@last.fm,Male,111.217.62.205
502,Candra,Try,ctrydx@hud.gov,Female,57.155.28.101
503,Laurene,Engledow,lengledowdy@tinyurl.com,Female,95.85.154.156
504,Nicolas,Ochterlony,nochterlonydz@un.org,Male,225.238.179.151
505,Arnuad,Symington,asymingtone0@illinois.edu,Male,156.223.240.139
506,Emelen,Hauck,ehaucke1@delicious.com,Male,28.52.23.136
507,Tannie,Crann,tcranne2@wikimedia.org,Male,88.30.177.200
508,Farand,Liepina,fliepinae3@themeforest.net,Female,109.194.200.142
509,Sascha,Cadding,scaddinge4@google.pl,Male,94.112.72.221
510,Cosetta,Capner,ccapnere5@amazonaws.com,Female,11.79.119.101
511,Woody,Palek,wpaleke6@nationalgeographic.com,Male,20.133.70.51
512,Viva,Dench,vdenche7@seesaa.net,Female,140.31.226.50
513,Anne,Churchlow,achurchlowe8@usatoday.com,Female,190.170.230.249
514,Gisella,Derrick,gderricke9@last.fm,Female,108.121.7.245
515,Tonye,Henbury,thenburyea@mac.com,Female,91.201.140.61
516,Dalston,Aizikovitch,daizikovitcheb@infoseek.co.jp,Male,145.68.44.68
517,Tessie,Handman,thandmanec@plala.or.jp,Female,1.231.61.128
518,Reube,Bridger,rbridgered@comcast.net,Male,41.11.86.218
519,Wynn,Rainey,wraineyee@cyberchimps.com,Male,13.104.99.71
520,Corbett,Brumhead,cbrumheadef@rakuten.co.jp,Male,51.220.163.201
521,Alex,Tackle,atackleeg@weebly.com,Female,163.87.178.129
522,Giavani,Billingsley,gbillingsleyeh@goodreads.com,Male,198.5.170.238
523,Augusto,Edgler,aedglerei@mtv.com,Male,161.114.255.6
524,Berget,Siely,bsielyej@ebay.com,Female,160.19.244.161
525,Giffer,Lorence,glorenceek@pbs.org,Male,16.90.131.79
526,Nicola,Langthorn,nlangthornel@ning.com,Female,70.178.245.110
527,Roshelle,Fursey,rfurseyem@free.fr,Female,115.55.193.102
528,Brander,Breadmore,bbreadmoreen@newyorker.com,Male,139.171.8.45
529,Anallese,Jurczik,ajurczikeo@ucoz.ru,Female,104.23.37.237
530,Hunt,Warbrick,hwarbrickep@so-net.ne.jp,Male,41.95.154.46
531,Irvin,Grogor,igrogoreq@posterous.com,Male,202.180.136.216
532,Lynnell,MacRannell,lmacranneller@marriott.com,Female,129.1.239.136
533,Isabelle,Frankcombe,ifrankcombees@typepad.com,Female,25.154.60.144
534,Merry,Ventham,mventhamet@chron.com,Male,155.118.251.127
535,Monika,Bawles,mbawleseu@blogtalkradio.com,Female,132.226.140.79
536,Rebe,Coffin,rcoffinev@a8.net,Female,185.145.108.221
537,Damon,Farfoot,dfarfootew@cnet.com,Male,251.61.194.87
538,Anthia,Acors,aacorsex@ocn.ne.jp,Female,136.29.94.50
539,Fairfax,Livett,flivettey@ning.com,Male,184.58.170.225
540,Consuela,Luca,clucaez@multiply.com,Female,185.107.72.34
541,Jessika,Enticott,jenticottf0@issuu.com,Female,11.230.122.210
542,Dulce,Pruce,dprucef1@mapquest.com,Female,88.142.8.9
543,Corrianne,Gallally,cgallallyf2@w3.org,Female,126.216.14.191
544,Dasi,Shawyer,dshawyerf3@booking.com,Female,3.52.99.32
545,Chandra,Davidovitz,cdavidovitzf4@free.fr,Female,107.248.1.4
546,Elyssa,Learmont,elearmontf5@bluehost.com,Female,163.27.163.100
547,Florentia,Ciccoloi,fciccoloif6@dell.com,Female,182.113.99.213
548,Kristien,Mapes,kmapesf7@google.ru,Female,175.85.146.63
549,Filberte,Thurborn,fthurbornf8@edublogs.org,Male,192.146.176.235
550,Ezri,O'Currane,eocurranef9@slashdot.org,Male,229.73.249.178
551,Euphemia,Del Dello,edeldellofa@a8.net,Female,33.52.151.47
552,Graehme,Thornhill,gthornhillfb@qq.com,Male,176.136.157.18
553,Paloma,Gavrielly,pgavriellyfc@4shared.com,Female,6.72.104.93
554,Mitchael,McMyler,mmcmylerfd@w3.org,Male,132.157.27.12
555,Adella,McKinty,amckintyfe@amazon.co.jp,Female,83.23.240.145
556,Nollie,Fittes,nfittesff@arizona.edu,Male,80.2.123.169
557,Edi,Atte-Stone,eattestonefg@sciencedaily.com,Female,243.190.230.243
558,Brennan,Belchamber,bbelchamberfh@china.com.cn,Male,96.49.87.0
559,Marianna,Abate,mabatefi@ihg.com,Female,241.40.169.158
560,Giffie,Curedale,gcuredalefj@etsy.com,Male,189.255.241.58
561,Walton,Spridgen,wspridgenfk@ameblo.jp,Male,236.3.197.215
562,Pansie,Wooffinden,pwooffindenfl@yellowbook.com,Female,25.94.58.70
563,Maegan,Halewood,mhalewoodfm@drupal.org,Female,3.154.215.61
564,Maynard,Ovett,movettfn@themeforest.net,Male,77.67.119.161
565,Dion,Kubala,dkubalafo@soundcloud.com,Male,75.60.30.16
566,Padgett,Guys,pguysfp@fotki.com,Male,231.224.161.73
567,Vite,Gready,vgreadyfq@dagondesign.com,Male,186.50.137.56
568,Caria,Smitherman,csmithermanfr@typepad.com,Female,174.101.240.184
569,Fredra,Upex,fupexfs@youtube.com,Female,161.68.8.47
570,Abdel,Corben,acorbenft@cnbc.com,Male,134.74.114.202
571,Archambault,Goodram,agoodramfu@360.cn,Male,178.139.77.89
572,Aurea,Ilchuk,ailchukfv@jigsy.com,Female,165.249.6.70
573,Joeann,Brisley,jbrisleyfw@mozilla.org,Female,144.55.85.98
574,Wendall,Coxall,wcoxallfx@360.cn,Male,249.144.43.18
575,Rani,Dobrowolny,rdobrowolnyfy@squarespace.com,Female,132.79.69.20
576,Frank,Fenkel,ffenkelfz@bbb.org,Male,81.90.174.204
577,Alaric,Taunton.,atauntong0@google.de,Male,194.236.213.215
578,Luigi,Sharples,lsharplesg1@webs.com,Male,21.198.2.224
579,Brander,Guidera,bguiderag2@dell.com,Male,33.229.176.94
580,Spike,Mesnard,smesnardg3@hatena.ne.jp,Male,254.230.130.158
581,Clotilda,Gault,cgaultg4@noaa.gov,Female,47.174.82.184
582,Valeda,Stiff,vstiffg5@linkedin.com,Female,222.195.253.149
583,Garwood,Cutill,gcutillg6@wsj.com,Male,49.200.254.168
584,Ephrayim,Newlin,enewling7@bluehost.com,Male,221.52.5.150
585,Kailey,Takis,ktakisg8@rambler.ru,Female,109.186.188.110
586,Jacklyn,Siuda,jsiudag9@wordpress.com,Female,0.0.115.80
587,Kissee,Marcinkus,kmarcinkusga@slashdot.org,Female,89.137.10.224
588,Timotheus,Mapledorum,tmapledorumgb@qq.com,Male,6.163.157.112
589,Netty,France,nfrancegc@imdb.com,Female,217.76.78.26
590,Verena,Logan,vlogangd@indiatimes.com,Female,223.238.220.56
591,Cyndy,Harcus,charcusge@pen.io,Female,174.109.215.36
592,Ange,Eskrick,aeskrickgf@theglobeandmail.com,Male,162.199.166.34
593,Broderic,Friedlos,bfriedlosgg@seattletimes.com,Male,209.249.204.250
594,Evelyn,Perle,eperlegh@cbsnews.com,Male,158.69.45.221
595,Quinn,Rolley,qrolleygi@ihg.com,Male,68.124.18.217
596,Luella,Dering,lderinggj@google.de,Female,191.220.164.164
597,Lewiss,Hinckley,lhinckleygk@freewebs.com,Male,44.159.18.185
598,Benedetto,Bauckham,bbauckhamgl@wp.com,Male,18.70.83.10
599,Hyacinthe,Baskeyfied,hbaskeyfiedgm@fastcompany.com,Female,22.152.1.34
600,Kara,Lovel,klovelgn@nature.com,Female,6.38.73.93
601,Linea,Bromfield,lbromfieldgo@nba.com,Female,87.174.165.104
602,Thatcher,Newlands,tnewlandsgp@aol.com,Male,159.46.12.170
603,Gilligan,Ingerman,gingermangq@usnews.com,Female,109.214.94.96
604,Sancho,Poppy,spoppygr@sphinn.com,Male,137.194.60.153
605,Ode,Bosnell,obosnellgs@mediafire.com,Male,192.213.60.154
606,Hoyt,Phillpotts,hphillpottsgt@baidu.com,Male,82.192.141.68
607,Eileen,Karpov,ekarpovgu@comcast.net,Female,245.46.80.109
608,Allianora,Athey,aatheygv@friendfeed.com,Female,182.191.209.209
609,Curt,Daniels,cdanielsgw@reference.com,Male,198.96.94.177
610,Jody,Westwell,jwestwellgx@360.cn,Male,48.252.204.89
611,Hogan,Domegan,hdomegangy@engadget.com,Male,194.182.183.144
612,Leighton,Blazej,lblazejgz@ebay.com,Male,240.213.4.164
613,Georgianna,Simunek,gsimunekh0@wunderground.com,Female,43.37.178.220
614,Hamel,Ceschini,hceschinih1@wunderground.com,Male,147.138.160.181
615,Ode,Grahame,ograhameh2@creativecommons.org,Male,201.99.66.32
616,Verile,Scrace,vscraceh3@elpais.com,Female,1.106.41.154
617,Kinnie,Gillott,kgillotth4@yelp.com,Male,166.115.157.91
618,Dominica,Kilmurry,dkilmurryh5@cam.ac.uk,Female,137.45.0.107
619,Donaugh,Vickarman,dvickarmanh6@facebook.com,Male,105.95.19.53
620,Shay,Izaks,sizaksh7@amazonaws.com,Male,110.83.35.247
621,Kalil,Jaumet,kjaumeth8@storify.com,Male,35.50.69.216
622,Enrichetta,Rachuig,erachuigh9@myspace.com,Female,185.239.141.230
623,Gary,Garretson,ggarretsonha@vimeo.com,Male,97.206.78.45
624,Olympie,Sturdgess,osturdgesshb@symantec.com,Female,157.38.37.24
625,Rania,Cosson,rcossonhc@github.io,Female,246.194.219.48
626,Charlena,Rignoldes,crignoldeshd@cbslocal.com,Female,14.157.193.98
627,Finn,Jost,fjosthe@t-online.de,Male,160.216.63.169
628,Sonya,Lattie,slattiehf@surveymonkey.com,Female,85.45.226.3
629,Mirelle,Bosse,mbossehg@booking.com,Female,186.120.104.3
630,Ardis,Izat,aizathh@unesco.org,Female,112.86.247.143
631,Alard,Lowensohn,alowensohnhi@nifty.com,Male,124.88.3.24
632,Nikolaus,Folkerd,nfolkerdhj@seesaa.net,Male,205.194.143.184
633,Modestia,Cunradi,mcunradihk@answers.com,Female,205.200.110.13
634,Florrie,Please,fpleasehl@altervista.org,Female,233.142.168.106
635,Deana,Leades,dleadeshm@indiegogo.com,Female,126.87.121.246
636,Ahmad,Bore,aborehn@issuu.com,Male,181.76.6.36
637,Carlyle,Sandford,csandfordho@biblegateway.com,Male,74.119.133.70
638,Lorne,Natte,lnattehp@sohu.com,Male,163.240.234.119
639,Claude,Treadgall,ctreadgallhq@boston.com,Female,18.162.253.52
640,Anatola,Dumbellow,adumbellowhr@sitemeter.com,Female,106.168.217.38
641,Hercule,Curee,hcureehs@rakuten.co.jp,Male,17.176.22.9
642,Neils,Van Hesteren,nvanhesterenht@si.edu,Male,206.29.136.77
643,Easter,Puden,epudenhu@jimdo.com,Female,233.110.63.239
644,Gigi,Knights,gknightshv@yandex.ru,Female,68.28.10.216
645,Brandy,Camlin,bcamlinhw@gizmodo.com,Male,221.33.150.251
646,Gardie,Mabbe,gmabbehx@alibaba.com,Male,195.129.245.255
647,Elvis,Sales,esaleshy@ifeng.com,Male,216.155.91.236
648,Doug,Scaysbrook,dscaysbrookhz@spiegel.de,Male,130.239.36.30
649,Maddi,Caswell,mcaswelli0@blog.com,Female,30.47.40.65
650,Jaime,Rowbotham,jrowbothami1@devhub.com,Female,32.106.110.205
651,Rossy,Beament,rbeamenti2@linkedin.com,Male,179.97.50.221
652,Cosme,Alvar,calvari3@wix.com,Male,73.211.121.176
653,Bing,Mee,bmeei4@yellowbook.com,Male,201.82.120.239
654,Che,Goldes,cgoldesi5@nih.gov,Male,238.145.62.62
655,Webster,Samways,wsamwaysi6@domainmarket.com,Male,24.6.113.90
656,Jolee,Hardistry,jhardistryi7@networkadvertising.org,Female,75.202.126.93
657,Frans,Claye,fclayei8@mediafire.com,Male,108.41.251.71
658,Honey,Banville,hbanvillei9@php.net,Female,122.122.247.131
659,Heinrick,O'Sheeryne,hosheeryneia@msu.edu,Male,166.135.199.80
660,Dulcinea,Allberry,dallberryib@paypal.com,Female,174.134.141.89
661,Sampson,Haye,shayeic@engadget.com,Male,232.100.26.72
662,Lynelle,Baxstair,lbaxstairid@fotki.com,Female,59.91.56.73
663,Alphonse,Isaacs,aisaacsie@accuweather.com,Male,237.151.226.211
664,Arri,Dunkinson,adunkinsonif@seattletimes.com,Male,112.109.154.82
665,Romona,Bomb,rbombig@tumblr.com,Female,222.198.42.178
666,Annmarie,Halburton,ahalburtonih@cam.ac.uk,Female,194.180.76.109
667,Christabella,Kaas,ckaasii@mediafire.com,Female,204.63.19.198
668,Burnard,Dingsdale,bdingsdaleij@flavors.me,Male,15.143.85.104
669,Percy,Chesters,pchestersik@yale.edu,Male,16.225.12.222
670,Nissa,Sparke,nsparkeil@flickr.com,Female,155.130.158.77
671,Timothee,Jedrychowski,tjedrychowskiim@smh.com.au,Male,114.54.71.6
672,Chandra,Colvine,ccolvinein@parallels.com,Female,3.51.255.2
673,Kevon,Plaunch,kplaunchio@soup.io,Male,68.222.22.42
674,Othella,Poznanski,opoznanskiip@prweb.com,Female,232.10.31.210
675,Randell,Avrahamof,ravrahamofiq@alibaba.com,Male,45.117.209.24
676,Meggie,Polland,mpollandir@rediff.com,Female,36.161.167.219
677,Barnabas,Dinsmore,bdinsmoreis@tripadvisor.com,Male,182.250.37.171
678,Hermie,Deards,hdeardsit@1und1.de,Male,25.68.10.38
679,Elly,Raiston,eraistoniu@abc.net.au,Female,2.136.123.90
680,Issiah,MacKartan,imackartaniv@columbia.edu,Male,166.134.203.92
681,Shadow,Spata,sspataiw@opera.com,Male,38.7.34.10
682,Karney,Hasty,khastyix@salon.com,Male,95.219.218.49
683,Gallagher,Swindles,gswindlesiy@mapquest.com,Male,15.47.60.23
684,Rurik,Dawe,rdaweiz@oaic.gov.au,Male,171.103.145.56
685,Janna,Brewer,jbrewerj0@godaddy.com,Female,80.87.136.200
686,Englebert,Barg,ebargj1@chronoengine.com,Male,138.78.163.121
687,Karel,Bardwell,kbardwellj2@xinhuanet.com,Female,142.247.217.206
688,Gram,Dunnett,gdunnettj3@alexa.com,Male,31.137.233.116
689,Reine,Filer,rfilerj4@umn.edu,Female,91.104.192.127
690,Zebedee,Sumers,zsumersj5@live.com,Male,14.64.225.209
691,Lisbeth,Cappineer,lcappineerj6@time.com,Female,66.123.54.183
692,Saudra,Pulteneye,spulteneyej7@google.com.au,Female,232.47.172.236
693,Goraud,Norree,gnorreej8@de.vu,Male,214.113.115.237
694,Dean,Featherstone,dfeatherstonej9@wix.com,Male,217.198.32.224
695,Chancey,Chicken,cchickenja@ustream.tv,Male,239.244.249.203
696,Sonnie,Baguley,sbaguleyjb@shop-pro.jp,Male,165.173.91.105
697,Nefen,Vasenin,nvaseninjc@artisteer.com,Male,145.32.148.75
698,Tucker,Patty,tpattyjd@jimdo.com,Male,128.9.20.203
699,Zaneta,Malacrida,zmalacridaje@simplemachines.org,Female,57.176.193.42
700,Andrei,Colt,acoltjf@xing.com,Female,188.42.207.67
701,Sim,Whight,swhightjg@cyberchimps.com,Male,58.110.135.207
702,Claire,Timmermann,ctimmermannjh@gov.uk,Female,202.101.118.0
703,Abby,Huccaby,ahuccabyji@dot.gov,Female,242.103.223.174
704,Kinna,Chevalier,kchevalierjj@php.net,Female,181.45.155.190
705,Marcelo,Jollie,mjolliejk@friendfeed.com,Male,26.94.131.106
706,Norah,Loosely,nlooselyjl@symantec.com,Female,90.227.23.136
707,Erny,Jentet,ejentetjm@linkedin.com,Male,47.57.225.132
708,Philis,Burcher,pburcherjn@google.com.hk,Female,169.247.90.131
709,Lenka,Gruczka,lgruczkajo@vk.com,Female,41.207.116.47
710,Jordanna,Spadazzi,jspadazzijp@barnesandnoble.com,Female,146.85.156.145
711,Barbe,McCue,bmccuejq@etsy.com,Female,148.192.122.186
712,Klarrisa,Tavinor,ktavinorjr@dedecms.com,Female,227.37.225.168
713,Maurizio,Huggin,mhugginjs@sogou.com,Male,160.238.60.170
714,Wolfie,Breache,wbreachejt@newsvine.com,Male,71.218.86.124
715,Arabella,Prazor,aprazorju@mayoclinic.com,Female,54.241.251.131
716,Winne,Tupper,wtupperjv@wunderground.com,Female,110.20.26.143
717,Gwennie,Curle,gcurlejw@slate.com,Female,195.222.80.65
718,Bertina,O'Driscole,bodriscolejx@cnbc.com,Female,233.192.234.181
719,Gayle,Eubank,geubankjy@springer.com,Female,184.176.89.78
720,Julia,Mixer,jmixerjz@discovery.com,Female,213.67.12.232
721,Adoree,Iacoboni,aiacobonik0@springer.com,Female,137.34.103.36
722,Renaud,Pavinese,rpavinesek1@qq.com,Male,240.33.192.35
723,Darwin,Mattiuzzi,dmattiuzzik2@dell.com,Male,30.205.157.97
724,Ilario,Casillis,icasillisk3@pagesperso-orange.fr,Male,113.218.147.109
725,Archambault,Matejka,amatejkak4@about.me,Male,60.148.247.43
726,Wilow,Corbert,wcorbertk5@godaddy.com,Female,113.216.99.236
727,Cyrill,Edmett,cedmettk6@ucoz.ru,Male,35.130.12.39
728,Emelyne,Whewell,ewhewellk7@usatoday.com,Female,118.93.245.218
729,Idalina,McMinn,imcminnk8@flavors.me,Female,121.210.51.254
730,Collin,Torbeck,ctorbeckk9@prweb.com,Male,146.21.203.224
731,Kenton,Delf,kdelfka@edublogs.org,Male,12.27.49.54
732,Jen,Bullers,jbullerskb@cocolog-nifty.com,Female,205.83.208.176
733,Cordy,Petras,cpetraskc@java.com,Female,143.234.254.130
734,Clarice,Bourner,cbournerkd@rediff.com,Female,28.2.206.25
735,Quinton,Kermath,qkermathke@toplist.cz,Male,213.149.103.97
736,Nickie,Stoggles,nstoggleskf@huffingtonpost.com,Female,42.61.35.62
737,Charles,Senner,csennerkg@mlb.com,Male,171.70.141.81
738,Emory,Bellham,ebellhamkh@salon.com,Male,119.141.211.216
739,Jamey,Perrygo,jperrygoki@java.com,Male,227.118.70.186
740,Shaylynn,Yeardley,syeardleykj@utexas.edu,Female,122.231.179.86
741,Felizio,Itzakson,fitzaksonkk@deviantart.com,Male,85.137.151.156
742,Carri,Liston,clistonkl@wordpress.org,Female,251.129.176.139
743,Christa,Nunn,cnunnkm@blinklist.com,Female,65.121.37.91
744,Filia,Greatreax,fgreatreaxkn@rambler.ru,Female,39.96.173.3
745,Johnnie,Augustin,jaugustinko@cbslocal.com,Male,152.139.235.159
746,Lucila,Blanchet,lblanchetkp@amazonaws.com,Female,70.19.79.46
747,Vinnie,Bigrigg,vbigriggkq@constantcontact.com,Male,251.61.38.49
748,Alica,Callaby,acallabykr@webs.com,Female,87.176.100.240
749,Tandi,Gillbard,tgillbardks@oaic.gov.au,Female,75.139.23.173
750,Waring,Penberthy,wpenberthykt@home.pl,Male,171.28.236.204
751,Zackariah,Kibbey,zkibbeyku@symantec.com,Male,246.161.80.224
752,Ellynn,Treharne,etreharnekv@netscape.com,Female,105.7.86.185
753,Fielding,Walwood,fwalwoodkw@businessweek.com,Male,127.101.35.134
754,Jo-ann,Burd,jburdkx@aol.com,Female,137.103.15.146
755,Rachel,Colbertson,rcolbertsonky@fotki.com,Female,47.99.218.22
756,Steve,Kubalek,skubalekkz@tmall.com,Male,229.151.165.199
757,Leonore,Biernacki,lbiernackil0@whitehouse.gov,Female,148.162.44.158
758,Suzann,Halesworth,shalesworthl1@geocities.jp,Female,214.19.154.138
759,Pavla,Georgiev,pgeorgievl2@goo.gl,Female,86.192.228.232
760,Jacklyn,Readshaw,jreadshawl3@friendfeed.com,Female,243.119.36.147
761,Chucho,Boecke,cboeckel4@deliciousdays.com,Male,225.81.205.229
762,Nolie,Gaine of England,ngaineofenglandl5@vk.com,Female,18.13.30.91
763,Marla,Bowcher,mbowcherl6@who.int,Female,99.236.53.196
764,Jeth,Roddan,jroddanl7@admin.ch,Male,28.107.5.224
765,Alison,Limbourne,alimbournel8@posterous.com,Female,148.61.102.65
766,Tabina,Carmo,tcarmol9@networksolutions.com,Female,72.195.111.85
767,Morgan,Tripney,mtripneyla@macromedia.com,Male,39.76.26.64
768,Hattie,Hruska,hhruskalb@amazon.de,Female,142.133.136.186
769,Marquita,Frances,mfranceslc@gravatar.com,Female,194.91.37.47
770,Desmund,Hitschke,dhitschkeld@taobao.com,Male,91.31.103.15
771,Gilberta,Parminter,gparminterle@php.net,Female,34.233.82.94
772,Joice,Pasley,jpasleylf@foxnews.com,Female,213.38.241.187
773,Norine,MacTrustram,nmactrustramlg@cyberchimps.com,Female,199.26.86.144
774,Shirl,Pymm,spymmlh@wsj.com,Female,67.182.118.198
775,Geno,Hambers,ghambersli@amazonaws.com,Male,127.114.216.165
776,Reider,MacConneely,rmacconneelylj@privacy.gov.au,Male,97.34.202.104
777,Darrelle,Wellan,dwellanlk@people.com.cn,Female,57.111.141.205
778,Early,Frisel,efriselll@wikipedia.org,Male,200.200.49.148
779,Helyn,Caughan,hcaughanlm@cbc.ca,Female,118.11.18.128
780,Johnathon,Davydoch,jdavydochln@godaddy.com,Male,162.175.41.190
781,Loni,McIlreavy,lmcilreavylo@admin.ch,Female,171.228.239.248
782,Abdul,Blonfield,ablonfieldlp@istockphoto.com,Male,43.219.22.65
783,Kassi,Filasov,kfilasovlq@wikia.com,Female,83.250.3.253
784,Leila,Hedden,lheddenlr@php.net,Female,182.190.105.66
785,Iago,Kordt,ikordtls@usa.gov,Male,163.15.132.49
786,Alica,Urvoy,aurvoylt@gravatar.com,Female,69.74.187.251
787,Debee,Warrack,dwarracklu@moonfruit.com,Female,251.143.161.242
788,Zerk,Bartaloni,zbartalonilv@google.pl,Male,133.176.21.58
789,Delmore,Lauret,dlauretlw@cbslocal.com,Male,92.183.29.30
790,Mil,Orgee,morgeelx@cornell.edu,Female,117.200.183.98
791,Marissa,Brannigan,mbranniganly@mapquest.com,Female,242.115.16.40
792,Shoshanna,Halfacree,shalfacreelz@about.com,Female,93.230.246.160
793,Dennet,Goodlad,dgoodladm0@reference.com,Male,90.117.35.244
794,Zonnya,Outram,zoutramm1@disqus.com,Female,133.29.219.76
795,Peg,Rudd,pruddm2@google.fr,Female,1.190.65.88
796,Beale,Holdforth,bholdforthm3@tiny.cc,Male,218.144.52.84
797,Dyanne,Doneld,ddoneldm4@guardian.co.uk,Female,110.12.128.95
798,Raoul,Clipston,rclipstonm5@barnesandnoble.com,Male,70.11.197.181
799,Eleonora,Osgorby,eosgorbym6@eepurl.com,Female,35.7.187.105
800,Beverie,Kinchin,bkinchinm7@canalblog.com,Female,168.101.73.70
801,Horst,Durdle,hdurdlem8@a8.net,Male,30.27.225.174
802,Cacilie,Dodds,cdoddsm9@hao123.com,Female,221.161.165.75
803,Jacquie,Sparling,jsparlingma@lulu.com,Female,0.255.77.106
804,Vachel,Slocum,vslocummb@lulu.com,Male,106.70.107.232
805,Nickie,Simka,nsimkamc@earthlink.net,Female,253.142.84.78
806,Desiree,Fone,dfonemd@phoca.cz,Female,252.35.152.156
807,Skell,Gainfort,sgainfortme@altervista.org,Male,106.113.12.104
808,Rutger,Sigars,rsigarsmf@state.tx.us,Male,67.186.96.121
809,Smitty,Hillaby,shillabymg@time.com,Male,119.0.143.153
810,Rochester,Obern,robernmh@com.com,Male,249.29.97.94
811,Josephina,De Ambrosis,jdeambrosismi@google.com.br,Female,248.223.103.185
812,Spense,MacGlory,smacglorymj@wp.com,Male,84.240.156.245
813,Alleen,Sansum,asansummk@shinystat.com,Female,222.49.189.164
814,Adrea,Kime,akimeml@adobe.com,Female,230.146.203.208
815,Nadine,Oakman,noakmanmm@blogspot.com,Female,62.54.107.187
816,Ernestus,Ronnay,eronnaymn@un.org,Male,150.251.26.219
817,Ezekiel,Tumpane,etumpanemo@bizjournals.com,Male,205.23.90.15
818,Gerick,Blesing,gblesingmp@elegantthemes.com,Male,119.156.241.77
819,Luciano,Frise,lfrisemq@statcounter.com,Male,204.49.94.99
820,Claiborn,Van Giffen,cvangiffenmr@samsung.com,Male,28.246.65.76
821,Son,Barr,sbarrms@bbb.org,Male,7.231.244.9
822,Lia,Forseith,lforseithmt@theguardian.com,Female,176.184.106.78
823,Joete,Maryman,jmarymanmu@ftc.gov,Female,9.50.107.157
824,Cicely,Chaikovski,cchaikovskimv@tiny.cc,Female,77.81.240.209
825,Ernst,Verrill,everrillmw@cdbaby.com,Male,118.42.240.57
826,Siobhan,Seywood,sseywoodmx@printfriendly.com,Female,182.159.63.111
827,Adams,Meininger,ameiningermy@symantec.com,Male,198.191.55.40
828,Kania,Southworth,ksouthworthmz@cnn.com,Female,176.43.188.252
829,Kiele,Colvine,kcolvinen0@ask.com,Female,117.3.95.133
830,Zonda,Scates,zscatesn1@youtube.com,Female,218.220.109.16
831,Drusy,McConville,dmcconvillen2@cam.ac.uk,Female,34.124.148.32
832,Ainsley,Keets,akeetsn3@cargocollective.com,Female,46.143.124.51
833,Emmalee,Moggle,emogglen4@shareasale.com,Female,201.247.63.254
834,Corbet,Mousdall,cmousdalln5@jugem.jp,Male,146.8.152.232
835,Teddi,Boulding,tbouldingn6@zimbio.com,Female,180.234.252.56
836,Genevieve,Tandey,gtandeyn7@artisteer.com,Female,129.202.102.246
837,Nellie,Allitt,nallittn8@wunderground.com,Female,242.174.213.128
838,Celestine,Daggett,cdaggettn9@ocn.ne.jp,Female,44.87.19.130
839,Milicent,Donat,mdonatna@mail.ru,Female,218.226.140.131
840,Laverna,Shearmur,lshearmurnb@google.fr,Female,65.57.70.57
841,Reinhard,Pigott,rpigottnc@reference.com,Male,97.120.215.237
842,Giovanna,Pandie,gpandiend@ask.com,Female,221.247.53.115
843,Padriac,Leith-Harvey,pleithharveyne@51.la,Male,18.225.209.99
844,Hal,Sammons,hsammonsnf@wikipedia.org,Male,57.205.2.128
845,Winfield,Borris,wborrisng@google.es,Male,188.158.248.235
846,Rolfe,Nuton,rnutonnh@soundcloud.com,Male,224.70.45.69
847,Huberto,Matheson,hmathesonni@bigcartel.com,Male,12.54.74.135
848,Ingamar,Secker,iseckernj@stumbleupon.com,Male,158.47.29.190
849,Vic,Archer,varchernk@wsj.com,Male,28.13.152.123
850,Rubia,Frane,rfranenl@mediafire.com,Female,62.95.147.92
851,Alasdair,Querree,aquerreenm@accuweather.com,Male,35.246.133.243
852,Danni,Kelloway,dkellowaynn@chronoengine.com,Female,27.53.194.254
853,Fred,Minchinden,fminchindenno@amazon.co.jp,Male,56.140.74.124
854,Clayborn,Blenkhorn,cblenkhornnp@reuters.com,Male,169.220.120.83
855,Natal,Johns,njohnsnq@eventbrite.com,Male,80.176.164.130
856,Federico,Cisar,fcisarnr@mit.edu,Male,225.26.246.31
857,Nat,Prinne,nprinnens@oracle.com,Female,143.175.140.38
858,Alleyn,Gatsby,agatsbynt@smugmug.com,Male,223.210.35.48
859,Mattias,Gainsbury,mgainsburynu@multiply.com,Male,174.120.226.101
860,Reggie,Cloughton,rcloughtonnv@ask.com,Male,123.208.230.144
861,Herrick,Castaneda,hcastanedanw@senate.gov,Male,192.125.187.129
862,Madelene,Brunon,mbrunonnx@list-manage.com,Female,186.117.87.243
863,Nevsa,Breinlein,nbreinleinny@redcross.org,Female,154.120.16.28
864,Gilemette,Evens,gevensnz@histats.com,Female,122.58.249.132
865,Eden,Goad,egoado0@seattletimes.com,Female,107.207.153.63
866,Elvina,Balshen,ebalsheno1@de.vu,Female,231.122.99.67
867,Shina,Bartlett,sbartletto2@histats.com,Female,120.191.209.209
868,Steffie,Folks,sfolkso3@goodreads.com,Female,246.127.244.185
869,Kora,Teligin,kteligino4@pagesperso-orange.fr,Female,30.78.0.3
870,Gabey,Canacott,gcanacotto5@is.gd,Female,246.75.165.170
871,Appolonia,Kubasek,akubaseko6@fotki.com,Female,67.105.149.99
872,Analise,Dagnall,adagnallo7@mac.com,Female,200.11.48.198
873,Michael,Browett,mbrowetto8@myspace.com,Male,16.4.101.114
874,Farleigh,Bristoe,fbristoeo9@umich.edu,Male,39.48.255.195
875,Tedda,Hasty,thastyoa@ow.ly,Female,195.222.204.223
876,Elden,Blodgetts,eblodgettsob@fastcompany.com,Male,22.76.101.80
877,Annissa,Ginnell,aginnelloc@narod.ru,Female,154.224.18.172
878,Lawton,Penlington,lpenlingtonod@infoseek.co.jp,Male,251.37.69.175
879,Phillie,De Lorenzo,pdelorenzooe@cisco.com,Female,253.223.162.71
880,Benedick,Luis,bluisof@weather.com,Male,188.144.151.169
881,Angie,Pordal,apordalog@opensource.org,Male,175.217.9.149
882,Veradis,Behninck,vbehninckoh@businesswire.com,Female,19.23.169.93
883,Marius,MacAdie,mmacadieoi@arstechnica.com,Male,132.31.9.35
884,Towney,Marrington,tmarringtonoj@delicious.com,Male,135.79.239.99
885,Lotty,Redfern,lredfernok@4shared.com,Female,46.165.144.84
886,Shaylah,Bloomer,sbloomerol@yellowbook.com,Female,89.33.158.2
887,Shandy,Shoubridge,sshoubridgeom@virginia.edu,Female,95.56.89.171
888,Quillan,Winterbourne,qwinterbourneon@ovh.net,Male,52.89.10.59
889,Waldon,Esterbrook,westerbrookoo@arizona.edu,Male,119.101.37.220
890,Adel,Leese,aleeseop@storify.com,Female,60.252.239.17
891,Davita,Munt,dmuntoq@godaddy.com,Female,148.166.147.23
892,Emlynne,Treher,etreheror@g.co,Female,146.225.208.26
893,Mara,Jennick,mjennickos@whitehouse.gov,Female,225.124.254.19
894,Barbabra,MacAloren,bmacalorenot@biglobe.ne.jp,Female,47.19.178.190
895,Filberte,Ellens,fellensou@earthlink.net,Male,34.84.34.229
896,Cymbre,Teck,cteckov@marriott.com,Female,180.197.11.63
897,Fifine,Thrussell,fthrussellow@mozilla.org,Female,130.15.34.97
898,Randy,Carlan,rcarlanox@dailymotion.com,Male,53.86.76.38
899,Russell,Barrott,rbarrottoy@simplemachines.org,Male,199.181.106.15
900,Gian,Simionescu,gsimionescuoz@scientificamerican.com,Male,27.48.1.156
901,Ethel,Pittet,epittetp0@disqus.com,Female,220.147.36.204
902,Tonia,Knappitt,tknappittp1@ucoz.ru,Female,217.71.185.32
903,Odette,Hasty,ohastyp2@netscape.com,Female,111.117.246.35
904,Konrad,Moxom,kmoxomp3@fda.gov,Male,166.108.197.115
905,Putnem,Plumptre,pplumptrep4@timesonline.co.uk,Male,115.147.252.33
906,Ninnetta,Hammett,nhammettp5@mayoclinic.com,Female,2.167.15.173
907,Torre,Gutierrez,tgutierrezp6@latimes.com,Male,179.60.227.34
908,Tamera,Hinken,thinkenp7@digg.com,Female,67.118.15.31
909,Farica,Thomson,fthomsonp8@issuu.com,Female,82.248.31.56
910,Owen,Guitonneau,oguitonneaup9@imdb.com,Male,91.132.193.58
911,Kirbie,Carillo,kcarillopa@columbia.edu,Female,91.92.49.28
912,Shina,Golagley,sgolagleypb@sina.com.cn,Female,101.245.186.10
913,Lisabeth,Allmark,lallmarkpc@freewebs.com,Female,33.56.171.233
914,Serena,Niese,sniesepd@hp.com,Female,88.84.104.160
915,Willi,Adam,wadampe@google.ru,Female,67.1.8.74
916,Enrica,Parsley,eparsleypf@wsj.com,Female,209.133.159.250
917,Dillie,Willavize,dwillavizepg@washington.edu,Male,22.33.254.19
918,Leelah,Keoghane,lkeoghaneph@live.com,Female,167.35.143.130
919,Tadd,Elliman,tellimanpi@craigslist.org,Male,174.81.23.4
920,Manny,Plevin,mplevinpj@timesonline.co.uk,Male,129.207.48.145
921,Kirbee,Ferrarello,kferrarellopk@cargocollective.com,Female,47.52.146.126
922,Morgen,Reynoldson,mreynoldsonpl@accuweather.com,Male,157.198.234.215
923,Lebbie,Pierce,lpiercepm@list-manage.com,Female,82.96.48.248
924,Jacques,Smallacombe,jsmallacombepn@statcounter.com,Male,222.89.122.106
925,Gipsy,Costelloe,gcostelloepo@alexa.com,Female,172.101.246.26
926,Delano,Nortcliffe,dnortcliffepp@sina.com.cn,Male,33.185.181.163
927,Marinna,MacKimmie,mmackimmiepq@51.la,Female,150.131.18.125
928,Carlie,Stanyland,cstanylandpr@csmonitor.com,Female,127.233.238.38
929,Mame,Ambrois,mambroisps@cbc.ca,Female,161.111.186.249
930,Grace,Cutriss,gcutrisspt@mediafire.com,Male,128.148.0.77
931,Alethea,Rotter,arotterpu@ucla.edu,Female,77.183.85.177
932,Phil,Kivits,pkivitspv@hp.com,Male,104.45.154.227
933,Jaimie,Blacker,jblackerpw@furl.net,Male,248.87.139.45
934,Arabele,Gawke,agawkepx@imdb.com,Female,254.253.131.118
935,Hanny,Beardsall,hbeardsallpy@creativecommons.org,Female,98.172.111.191
936,Rafaello,Sagar,rsagarpz@usnews.com,Male,212.74.226.78
937,Parker,Vodden,pvoddenq0@bloglines.com,Male,14.81.45.191
938,Hedwig,Drydale,hdrydaleq1@umich.edu,Female,253.29.60.67
939,Adena,Eitter,aeitterq2@ucsd.edu,Female,175.28.127.188
940,Janel,Troutbeck,jtroutbeckq3@cbc.ca,Female,141.156.75.126
941,Gardie,Mourgue,gmourgueq4@discovery.com,Male,197.60.55.112
942,Gilberta,Hasley,ghasleyq5@pcworld.com,Female,21.33.158.154
943,Gerard,Aloway,galowayq6@phoca.cz,Male,214.81.41.165
944,Ysabel,Candlish,ycandlishq7@samsung.com,Female,200.249.57.241
945,Connie,Laroze,clarozeq8@smugmug.com,Male,198.139.185.149
946,Vivia,Freshwater,vfreshwaterq9@slate.com,Female,148.77.155.75
947,Staffard,Pergens,spergensqa@mapquest.com,Male,17.181.91.63
948,Pennie,Turford,pturfordqb@twitpic.com,Male,183.62.209.144
949,Quent,McGuiness,qmcguinessqc@freewebs.com,Male,73.117.2.206
950,Quentin,Bennitt,qbennittqd@umn.edu,Male,39.104.48.9
951,Mozelle,Le Sarr,mlesarrqe@answers.com,Female,201.83.124.29
952,Josefa,McLeod,jmcleodqf@imdb.com,Female,1.195.126.166
953,Florence,Coniff,fconiffqg@ted.com,Female,231.7.83.149
954,Barnabe,Sarll,bsarllqh@buzzfeed.com,Male,103.24.109.204
955,Kurt,Soughton,ksoughtonqi@lycos.com,Male,54.47.54.109
956,Anneliese,Marland,amarlandqj@barnesandnoble.com,Female,144.223.105.12
957,Winnie,Gwynne,wgwynneqk@sourceforge.net,Male,128.154.41.100
958,Maximilian,Sheward,mshewardql@constantcontact.com,Male,183.130.57.95
959,Krisha,Jahnke,kjahnkeqm@virginia.edu,Male,254.202.166.40
960,Beck,Date,bdateqn@chronoengine.com,Male,93.70.255.22
961,Ezekiel,Branson,ebransonqo@vistaprint.com,Male,234.236.140.113
962,Cher,Lambol,clambolqp@ezinearticles.com,Female,181.142.117.125
963,Liliane,Laba,llabaqq@hubpages.com,Female,241.252.251.157
964,Jobie,Slobom,jslobomqr@shutterfly.com,Female,90.153.235.8
965,Larissa,McNay,lmcnayqs@eepurl.com,Female,225.238.101.194
966,Annie,Skeldon,askeldonqt@addthis.com,Female,99.141.252.195
967,Babb,Fitzmaurice,bfitzmauricequ@cnbc.com,Female,244.177.209.127
968,Mildred,Pipet,mpipetqv@ucsd.edu,Female,214.246.150.124
969,Debee,Vanderson,dvandersonqw@cpanel.net,Female,248.232.9.96
970,Winthrop,Neville,wnevilleqx@list-manage.com,Male,145.180.131.44
971,Hetti,Curnock,hcurnockqy@g.co,Female,143.173.124.48
972,Teri,Spellard,tspellardqz@si.edu,Female,89.217.127.219
973,Barbee,MacEnelly,bmacenellyr0@zimbio.com,Female,110.154.87.251
974,Urbain,McGuinness,umcguinnessr1@facebook.com,Male,232.177.12.64
975,Christiana,Petry,cpetryr2@cloudflare.com,Female,59.126.181.193
976,Levon,Faustian,lfaustianr3@ibm.com,Male,62.209.191.32
977,Leone,Stabbins,lstabbinsr4@webs.com,Female,131.173.255.182
978,Carmelina,Brewerton,cbrewertonr5@soup.io,Female,238.39.182.98
979,Perl,Kerford,pkerfordr6@jugem.jp,Female,50.215.150.63
980,Brittan,Jouhning,bjouhningr7@ca.gov,Female,70.209.150.160
981,Teena,Estrella,testrellar8@thetimes.co.uk,Female,132.32.209.222
982,Penny,Eagle,peagler9@devhub.com,Male,6.244.122.57
983,Amelina,Udall,audallra@webs.com,Female,213.205.176.192
984,Annora,Wagerfield,awagerfieldrb@addthis.com,Female,117.221.164.58
985,Pedro,Anthoine,panthoinerc@barnesandnoble.com,Male,65.179.114.90
986,Salvidor,Roser,sroserrd@washingtonpost.com,Male,213.24.191.26
987,Lincoln,Itzcak,litzcakre@slate.com,Male,247.196.199.90
988,Coleen,Coney,cconeyrf@ox.ac.uk,Female,175.81.225.25
989,Maisie,Bohje,mbohjerg@ucoz.com,Female,246.117.163.65
990,Christoffer,Riccioppo,cricciopporh@gnu.org,Male,230.99.100.36
991,Glenn,Dun,gdunri@cnet.com,Male,84.39.145.83
992,Walt,Targett,wtargettrj@jimdo.com,Male,61.84.209.164
993,Trudie,Ernshaw,ternshawrk@timesonline.co.uk,Female,62.29.94.77
994,Lutero,Leuchars,lleucharsrl@huffingtonpost.com,Male,77.179.231.160
995,Mariquilla,Blodgett,mblodgettrm@home.pl,Female,32.154.63.208
996,Duke,Cosby,dcosbyrn@wikipedia.org,Male,244.69.234.25
997,Editha,Yearne,eyearnero@cargocollective.com,Female,178.150.125.168
998,Angeli,Elmar,aelmarrp@pagesperso-orange.fr,Male,68.48.108.97
999,Rossie,McMoyer,rmcmoyerrq@plala.or.jp,Male,236.249.185.61
1000,Gay,Brackstone,gbrackstonerr@seattletimes.com,Male,78.246.142.0
